feature,gain,fold
TransactionAmt,1832,1
ProductCD,540,1
card1,3362,1
card2,2362,1
card3,62,1
card4,266,1
card5,397,1
card6,422,1
addr1,2614,1
addr2,22,1
dist1,1980,1
dist2,852,1
P_emaildomain,3388,1
R_emaildomain,1160,1
C1,1802,1
C2,1161,1
C3,188,1
C4,171,1
C5,457,1
C6,1039,1
C7,101,1
C8,486,1
C9,767,1
C10,385,1
C11,1212,1
C12,508,1
C13,2969,1
C14,1449,1
D1,804,1
D2,931,1
D3,224,1
D4,441,1
D5,223,1
D6,106,1
D7,31,1
D8,480,1
D9,557,1
D10,513,1
D11,308,1
D12,96,1
D13,29,1
D14,147,1
D15,661,1
M1,15,1
M2,318,1
M3,601,1
M4,1151,1
M5,1225,1
M6,1142,1
M7,315,1
M8,237,1
M9,328,1
V1,0,1
V2,46,1
V3,72,1
V4,106,1
V5,166,1
V6,57,1
V7,81,1
V8,35,1
V9,24,1
V10,121,1
V11,88,1
V12,225,1
V13,184,1
V14,0,1
V15,9,1
V16,6,1
V17,10,1
V18,6,1
V19,159,1
V20,282,1
V21,3,1
V22,6,1
V23,84,1
V24,141,1
V25,74,1
V26,66,1
V27,0,1
V28,0,1
V29,218,1
V30,143,1
V31,3,1
V32,14,1
V33,47,1
V34,39,1
V35,184,1
V36,168,1
V37,182,1
V38,299,1
V39,49,1
V40,74,1
V41,0,1
V42,57,1
V43,91,1
V44,208,1
V45,617,1
V46,23,1
V47,121,1
V48,264,1
V49,206,1
V50,6,1
V51,47,1
V52,122,1
V53,329,1
V54,418,1
V55,288,1
V56,206,1
V57,27,1
V58,108,1
V59,33,1
V60,70,1
V61,256,1
V62,543,1
V63,35,1
V64,128,1
V65,1,1
V66,149,1
V67,342,1
V68,0,1
V69,135,1
V70,318,1
V71,8,1
V72,38,1
V73,41,1
V74,124,1
V75,279,1
V76,383,1
V77,177,1
V78,348,1
V79,109,1
V80,38,1
V81,190,1
V82,408,1
V83,533,1
V84,7,1
V85,97,1
V86,269,1
V87,692,1
V88,1,1
V89,0,1
V90,199,1
V91,246,1
V92,16,1
V93,28,1
V94,89,1
V95,4,1
V96,82,1
V97,30,1
V98,13,1
V99,112,1
V100,5,1
V101,4,1
V102,67,1
V103,15,1
V104,3,1
V105,61,1
V106,9,1
V107,0,1
V108,52,1
V109,61,1
V110,11,1
V111,20,1
V112,23,1
V113,0,1
V114,18,1
V115,53,1
V116,10,1
V117,1,1
V118,2,1
V119,0,1
V120,0,1
V121,4,1
V122,0,1
V123,30,1
V124,79,1
V125,22,1
V126,55,1
V127,245,1
V128,136,1
V129,165,1
V130,309,1
V131,206,1
V132,54,1
V133,225,1
V134,59,1
V135,72,1
V136,227,1
V137,69,1
V138,6,1
V139,192,1
V140,70,1
V141,12,1
V142,2,1
V143,267,1
V144,12,1
V145,60,1
V146,47,1
V147,84,1
V148,18,1
V149,279,1
V150,48,1
V151,25,1
V152,174,1
V153,24,1
V154,68,1
V155,17,1
V156,236,1
V157,14,1
V158,23,1
V159,45,1
V160,97,1
V161,50,1
V162,89,1
V163,22,1
V164,106,1
V165,316,1
V166,66,1
V167,26,1
V168,25,1
V169,174,1
V170,86,1
V171,52,1
V172,60,1
V173,21,1
V174,18,1
V175,10,1
V176,46,1
V177,19,1
V178,69,1
V179,21,1
V180,45,1
V181,12,1
V182,38,1
V183,15,1
V184,38,1
V185,25,1
V186,26,1
V187,285,1
V188,62,1
V189,160,1
V190,25,1
V191,13,1
V192,30,1
V193,10,1
V194,20,1
V195,11,1
V196,12,1
V197,101,1
V198,37,1
V199,34,1
V200,68,1
V201,98,1
V202,79,1
V203,146,1
V204,65,1
V205,139,1
V206,109,1
V207,195,1
V208,176,1
V209,179,1
V210,126,1
V211,31,1
V212,115,1
V213,53,1
V214,57,1
V215,173,1
V216,92,1
V217,92,1
V218,71,1
V219,59,1
V220,211,1
V221,89,1
V222,76,1
V223,97,1
V224,47,1
V225,32,1
V226,19,1
V227,20,1
V228,39,1
V229,68,1
V230,37,1
V231,46,1
V232,64,1
V233,15,1
V234,90,1
V235,18,1
V236,10,1
V237,23,1
V238,30,1
V239,48,1
V240,1,1
V241,0,1
V242,25,1
V243,178,1
V244,59,1
V245,96,1
V246,57,1
V247,26,1
V248,69,1
V249,43,1
V250,29,1
V251,77,1
V252,10,1
V253,72,1
V254,29,1
V255,29,1
V256,179,1
V257,154,1
V258,378,1
V259,148,1
V260,52,1
V261,235,1
V262,88,1
V263,72,1
V264,174,1
V265,115,1
V266,230,1
V267,198,1
V268,135,1
V269,3,1
V270,129,1
V271,199,1
V272,92,1
V273,54,1
V274,149,1
V275,56,1
V276,59,1
V277,165,1
V278,129,1
V279,130,1
V280,69,1
V281,322,1
V282,183,1
V283,375,1
V284,10,1
V285,247,1
V286,41,1
V287,33,1
V288,25,1
V289,98,1
V290,40,1
V291,126,1
V292,58,1
V293,143,1
V294,325,1
V295,44,1
V296,199,1
V297,4,1
V298,62,1
V299,14,1
V300,60,1
V301,77,1
V302,3,1
V303,34,1
V304,27,1
V305,0,1
V306,90,1
V307,686,1
V308,325,1
V309,175,1
V310,581,1
V311,262,1
V312,297,1
V313,620,1
V314,377,1
V315,477,1
V316,97,1
V317,332,1
V318,94,1
V319,52,1
V320,247,1
V321,70,1
V322,20,1
V323,93,1
V324,71,1
V325,2,1
V326,30,1
V327,15,1
V328,8,1
V329,26,1
V330,9,1
V331,25,1
V332,64,1
V333,64,1
V334,11,1
V335,50,1
V336,47,1
V337,14,1
V338,54,1
V339,28,1
is_december,524,1
is_holiday,33,1
card1_fq_enc,1148,1
card2_fq_enc,1461,1
card3_fq_enc,47,1
card5_fq_enc,149,1
uid_fq_enc,913,1
uid2_fq_enc,970,1
uid3_fq_enc,1218,1
uid4_fq_enc,1695,1
uid5_fq_enc,1290,1
card3_DT_D_hour_dist,1908,1
card3_DT_W_week_day_dist,1617,1
card3_DT_M_month_day_dist,1462,1
card3_DT_D_hour_dist_best,1659,1
card3_DT_W_week_day_dist_best,706,1
card3_DT_M_month_day_dist_best,1770,1
card5_DT_D_hour_dist,1653,1
card5_DT_W_week_day_dist,1409,1
card5_DT_M_month_day_dist,1547,1
card5_DT_D_hour_dist_best,1430,1
card5_DT_W_week_day_dist_best,692,1
card5_DT_M_month_day_dist_best,2045,1
bank_type_DT_D_hour_dist,1478,1
bank_type_DT_W_week_day_dist,1384,1
bank_type_DT_M_month_day_dist,1393,1
bank_type_DT_D_hour_dist_best,1105,1
bank_type_DT_W_week_day_dist_best,591,1
bank_type_DT_M_month_day_dist_best,1434,1
bank_type_DT_M,1112,1
bank_type_DT_W,1316,1
bank_type_DT_D,1602,1
uid_D1_mean,714,1
uid_D1_std,699,1
uid2_D1_mean,539,1
uid2_D1_std,597,1
uid3_D1_mean,1015,1
uid3_D1_std,1079,1
uid4_D1_mean,1389,1
uid4_D1_std,1891,1
uid5_D1_mean,1063,1
uid5_D1_std,1286,1
bank_type_D1_mean,125,1
bank_type_D1_std,97,1
uid_D2_mean,1197,1
uid_D2_std,1285,1
uid2_D2_mean,1031,1
uid2_D2_std,1198,1
uid3_D2_mean,1712,1
uid3_D2_std,1713,1
uid4_D2_mean,2769,1
uid4_D2_std,3034,1
uid5_D2_mean,1942,1
uid5_D2_std,2066,1
bank_type_D2_mean,154,1
bank_type_D2_std,323,1
uid_D3_mean,1180,1
uid_D3_std,1213,1
uid2_D3_mean,1232,1
uid2_D3_std,1013,1
uid3_D3_mean,1894,1
uid3_D3_std,1827,1
uid4_D3_mean,2894,1
uid4_D3_std,2531,1
uid5_D3_mean,2136,1
uid5_D3_std,2179,1
bank_type_D3_mean,389,1
bank_type_D3_std,324,1
uid_D4_mean,804,1
uid_D4_std,925,1
uid2_D4_mean,673,1
uid2_D4_std,718,1
uid3_D4_mean,1244,1
uid3_D4_std,1382,1
uid4_D4_mean,2460,1
uid4_D4_std,2081,1
uid5_D4_mean,1512,1
uid5_D4_std,1639,1
bank_type_D4_mean,151,1
bank_type_D4_std,89,1
uid_D5_mean,1421,1
uid_D5_std,1476,1
uid2_D5_mean,1431,1
uid2_D5_std,1281,1
uid3_D5_mean,2013,1
uid3_D5_std,2062,1
uid4_D5_mean,2724,1
uid4_D5_std,2500,1
uid5_D5_mean,2111,1
uid5_D5_std,2043,1
bank_type_D5_mean,216,1
bank_type_D5_std,320,1
uid_D6_mean,1564,1
uid_D6_std,1248,1
uid2_D6_mean,1344,1
uid2_D6_std,1042,1
uid3_D6_mean,1840,1
uid3_D6_std,1407,1
uid4_D6_mean,1058,1
uid4_D6_std,1064,1
uid5_D6_mean,306,1
uid5_D6_std,295,1
bank_type_D6_mean,293,1
bank_type_D6_std,220,1
uid_D7_mean,1580,1
uid_D7_std,1807,1
uid2_D7_mean,1337,1
uid2_D7_std,1501,1
uid3_D7_mean,1881,1
uid3_D7_std,1676,1
uid4_D7_mean,1333,1
uid4_D7_std,1137,1
uid5_D7_mean,456,1
uid5_D7_std,342,1
bank_type_D7_mean,233,1
bank_type_D7_std,211,1
uid_D8_mean,1905,1
uid_D8_std,1037,1
uid2_D8_mean,1577,1
uid2_D8_std,833,1
uid3_D8_mean,2660,1
uid3_D8_std,1314,1
uid4_D8_mean,2456,1
uid4_D8_std,1378,1
uid5_D8_mean,2399,1
uid5_D8_std,1689,1
bank_type_D8_mean,298,1
bank_type_D8_std,76,1
uid_D9_mean,1822,1
uid_D9_std,1937,1
uid2_D9_mean,1774,1
uid2_D9_std,1636,1
uid3_D9_mean,2580,1
uid3_D9_std,2346,1
uid4_D9_mean,2882,1
uid4_D9_std,1919,1
uid5_D9_mean,2249,1
uid5_D9_std,2119,1
bank_type_D9_mean,239,1
bank_type_D9_std,232,1
uid_D10_mean,733,1
uid_D10_std,953,1
uid2_D10_mean,720,1
uid2_D10_std,835,1
uid3_D10_mean,1107,1
uid3_D10_std,1208,1
uid4_D10_mean,1615,1
uid4_D10_std,1647,1
uid5_D10_mean,1251,1
uid5_D10_std,1317,1
bank_type_D10_mean,137,1
bank_type_D10_std,148,1
uid_D11_mean,1082,1
uid_D11_std,1076,1
uid2_D11_mean,813,1
uid2_D11_std,942,1
uid3_D11_mean,1265,1
uid3_D11_std,1319,1
uid4_D11_mean,2164,1
uid4_D11_std,2150,1
uid5_D11_mean,1288,1
uid5_D11_std,1176,1
bank_type_D11_mean,165,1
bank_type_D11_std,160,1
uid_D12_mean,1163,1
uid_D12_std,1088,1
uid2_D12_mean,968,1
uid2_D12_std,961,1
uid3_D12_mean,205,1
uid3_D12_std,247,1
uid4_D12_mean,265,1
uid4_D12_std,271,1
uid5_D12_mean,159,1
uid5_D12_std,123,1
bank_type_D12_mean,442,1
bank_type_D12_std,459,1
uid_D13_mean,1095,1
uid_D13_std,1314,1
uid2_D13_mean,1115,1
uid2_D13_std,1072,1
uid3_D13_mean,1067,1
uid3_D13_std,1249,1
uid4_D13_mean,787,1
uid4_D13_std,772,1
uid5_D13_mean,582,1
uid5_D13_std,659,1
bank_type_D13_mean,364,1
bank_type_D13_std,333,1
uid_D14_mean,1334,1
uid_D14_std,1454,1
uid2_D14_mean,1158,1
uid2_D14_std,1272,1
uid3_D14_mean,1710,1
uid3_D14_std,1704,1
uid4_D14_mean,1152,1
uid4_D14_std,1412,1
uid5_D14_mean,1047,1
uid5_D14_std,969,1
bank_type_D14_mean,234,1
bank_type_D14_std,303,1
uid_D15_mean,641,1
uid_D15_std,720,1
uid2_D15_mean,669,1
uid2_D15_std,687,1
uid3_D15_mean,1129,1
uid3_D15_std,1092,1
uid4_D15_mean,1889,1
uid4_D15_std,1946,1
uid5_D15_mean,1414,1
uid5_D15_std,1207,1
bank_type_D15_mean,110,1
bank_type_D15_std,114,1
D9_not_na,0,1
D8_not_same_day,4,1
D8_D9_decimal_dist,472,1
D3_DT_D_min_max,561,1
D3_DT_D_std_score,712,1
D4_DT_D_min_max,756,1
D4_DT_D_std_score,2521,1
D5_DT_D_min_max,344,1
D5_DT_D_std_score,576,1
D6_DT_D_min_max,145,1
D6_DT_D_std_score,1013,1
D7_DT_D_min_max,54,1
D7_DT_D_std_score,335,1
D8_DT_D_min_max,628,1
D8_DT_D_std_score,2710,1
D10_DT_D_min_max,605,1
D10_DT_D_std_score,2542,1
D11_DT_D_min_max,372,1
D11_DT_D_std_score,1372,1
D12_DT_D_min_max,129,1
D12_DT_D_std_score,1010,1
D13_DT_D_min_max,155,1
D13_DT_D_std_score,1142,1
D14_DT_D_min_max,222,1
D14_DT_D_std_score,1213,1
D15_DT_D_min_max,919,1
D15_DT_D_std_score,2543,1
D3_DT_W_min_max,523,1
D3_DT_W_std_score,581,1
D4_DT_W_min_max,569,1
D4_DT_W_std_score,1670,1
D5_DT_W_min_max,283,1
D5_DT_W_std_score,463,1
D6_DT_W_min_max,85,1
D6_DT_W_std_score,648,1
D7_DT_W_min_max,51,1
D7_DT_W_std_score,188,1
D8_DT_W_min_max,439,1
D8_DT_W_std_score,1890,1
D10_DT_W_min_max,593,1
D10_DT_W_std_score,2027,1
D11_DT_W_min_max,319,1
D11_DT_W_std_score,1013,1
D12_DT_W_min_max,87,1
D12_DT_W_std_score,561,1
D13_DT_W_min_max,141,1
D13_DT_W_std_score,1014,1
D14_DT_W_min_max,173,1
D14_DT_W_std_score,775,1
D15_DT_W_min_max,944,1
D15_DT_W_std_score,2130,1
D3_DT_M_min_max,417,1
D3_DT_M_std_score,553,1
D4_DT_M_min_max,419,1
D4_DT_M_std_score,1034,1
D5_DT_M_min_max,212,1
D5_DT_M_std_score,348,1
D6_DT_M_min_max,64,1
D6_DT_M_std_score,350,1
D7_DT_M_min_max,49,1
D7_DT_M_std_score,107,1
D8_DT_M_min_max,340,1
D8_DT_M_std_score,1110,1
D10_DT_M_min_max,471,1
D10_DT_M_std_score,1277,1
D11_DT_M_min_max,228,1
D11_DT_M_std_score,718,1
D12_DT_M_min_max,52,1
D12_DT_M_std_score,285,1
D13_DT_M_min_max,59,1
D13_DT_M_std_score,415,1
D14_DT_M_min_max,133,1
D14_DT_M_std_score,415,1
D15_DT_M_min_max,742,1
D15_DT_M_std_score,1660,1
D1_scaled,1479,1
D2_scaled,2104,1
TransactionAmt_check,53,1
card1_TransactionAmt_mean,1431,1
card1_TransactionAmt_std,1516,1
card2_TransactionAmt_mean,1815,1
card2_TransactionAmt_std,1700,1
card3_TransactionAmt_mean,78,1
card3_TransactionAmt_std,33,1
card5_TransactionAmt_mean,415,1
card5_TransactionAmt_std,311,1
uid_TransactionAmt_mean,607,1
uid_TransactionAmt_std,861,1
uid2_TransactionAmt_mean,802,1
uid2_TransactionAmt_std,890,1
uid3_TransactionAmt_mean,1776,1
uid3_TransactionAmt_std,2013,1
uid4_TransactionAmt_mean,2294,1
uid4_TransactionAmt_std,3050,1
uid5_TransactionAmt_mean,1840,1
uid5_TransactionAmt_std,2089,1
bank_type_TransactionAmt_mean,122,1
bank_type_TransactionAmt_std,113,1
TransactionAmt_DT_D_min_max,2269,1
TransactionAmt_DT_D_std_score,2334,1
TransactionAmt_DT_W_min_max,1989,1
TransactionAmt_DT_W_std_score,1995,1
TransactionAmt_DT_M_min_max,1435,1
TransactionAmt_DT_M_std_score,1745,1
product_type,1926,1
product_type_DT_D,3358,1
product_type_DT_W,2672,1
product_type_DT_M,2481,1
C1_fq_enc,1581,1
C2_fq_enc,752,1
C3_fq_enc,112,1
C4_fq_enc,74,1
C5_fq_enc,273,1
C6_fq_enc,956,1
C7_fq_enc,41,1
C8_fq_enc,229,1
C9_fq_enc,563,1
C10_fq_enc,225,1
C11_fq_enc,992,1
C12_fq_enc,190,1
C13_fq_enc,1464,1
C14_fq_enc,916,1
id_01,862,1
id_02,2443,1
id_03,424,1
id_04,147,1
id_05,1068,1
id_06,873,1
id_07,190,1
id_08,85,1
id_09,376,1
id_10,40,1
id_11,143,1
id_12,6,1
id_13,716,1
id_14,472,1
id_15,134,1
id_16,38,1
id_17,232,1
id_18,354,1
id_19,1259,1
id_20,2243,1
id_21,86,1
id_22,0,1
id_23,21,1
id_24,16,1
id_25,50,1
id_26,21,1
id_27,0,1
id_28,24,1
id_29,13,1
id_30,322,1
id_31,1440,1
id_32,119,1
id_33,383,1
id_34,78,1
id_35,1,1
id_36,78,1
id_37,64,1
id_38,153,1
DeviceType,276,1
DeviceInfo,1053,1
id_33_0,276,1
id_33_1,485,1
DeviceInfo_device,1031,1
DeviceInfo_version,688,1
id_30_device,96,1
id_30_version,324,1
id_31_device,615,1
TransactionAmt,1849,2
ProductCD,484,2
card1,3290,2
card2,2283,2
card3,71,2
card4,263,2
card5,382,2
card6,404,2
addr1,2720,2
addr2,25,2
dist1,2001,2
dist2,958,2
P_emaildomain,3377,2
R_emaildomain,1163,2
C1,1891,2
C2,1136,2
C3,186,2
C4,178,2
C5,429,2
C6,1091,2
C7,80,2
C8,513,2
C9,786,2
C10,408,2
C11,1210,2
C12,456,2
C13,2952,2
C14,1475,2
D1,754,2
D2,927,2
D3,236,2
D4,417,2
D5,204,2
D6,122,2
D7,40,2
D8,479,2
D9,511,2
D10,442,2
D11,279,2
D12,88,2
D13,39,2
D14,126,2
D15,708,2
M1,10,2
M2,263,2
M3,552,2
M4,1220,2
M5,1290,2
M6,1221,2
M7,234,2
M8,244,2
M9,320,2
V1,1,2
V2,28,2
V3,59,2
V4,98,2
V5,172,2
V6,39,2
V7,78,2
V8,39,2
V9,15,2
V10,104,2
V11,78,2
V12,227,2
V13,196,2
V14,0,2
V15,20,2
V16,8,2
V17,15,2
V18,9,2
V19,169,2
V20,313,2
V21,2,2
V22,4,2
V23,95,2
V24,150,2
V25,58,2
V26,53,2
V27,0,2
V28,0,2
V29,230,2
V30,139,2
V31,5,2
V32,17,2
V33,44,2
V34,49,2
V35,187,2
V36,162,2
V37,188,2
V38,301,2
V39,61,2
V40,94,2
V41,0,2
V42,44,2
V43,73,2
V44,249,2
V45,628,2
V46,30,2
V47,123,2
V48,231,2
V49,231,2
V50,6,2
V51,46,2
V52,122,2
V53,327,2
V54,446,2
V55,284,2
V56,183,2
V57,39,2
V58,98,2
V59,53,2
V60,64,2
V61,290,2
V62,500,2
V63,26,2
V64,140,2
V65,0,2
V66,173,2
V67,347,2
V68,0,2
V69,191,2
V70,300,2
V71,11,2
V72,60,2
V73,44,2
V74,121,2
V75,256,2
V76,413,2
V77,181,2
V78,382,2
V79,95,2
V80,42,2
V81,170,2
V82,383,2
V83,627,2
V84,11,2
V85,101,2
V86,285,2
V87,691,2
V88,0,2
V89,0,2
V90,186,2
V91,220,2
V92,11,2
V93,40,2
V94,86,2
V95,12,2
V96,74,2
V97,21,2
V98,12,2
V99,145,2
V100,18,2
V101,14,2
V102,71,2
V103,8,2
V104,3,2
V105,51,2
V106,10,2
V107,0,2
V108,22,2
V109,44,2
V110,11,2
V111,11,2
V112,24,2
V113,2,2
V114,12,2
V115,52,2
V116,16,2
V117,0,2
V118,0,2
V119,0,2
V120,0,2
V121,0,2
V122,0,2
V123,39,2
V124,76,2
V125,33,2
V126,93,2
V127,281,2
V128,131,2
V129,159,2
V130,339,2
V131,184,2
V132,54,2
V133,221,2
V134,69,2
V135,67,2
V136,234,2
V137,98,2
V138,8,2
V139,174,2
V140,70,2
V141,4,2
V142,2,2
V143,272,2
V144,33,2
V145,66,2
V146,48,2
V147,84,2
V148,21,2
V149,272,2
V150,47,2
V151,34,2
V152,129,2
V153,25,2
V154,46,2
V155,31,2
V156,350,2
V157,14,2
V158,32,2
V159,49,2
V160,97,2
V161,55,2
V162,100,2
V163,36,2
V164,95,2
V165,308,2
V166,67,2
V167,36,2
V168,34,2
V169,139,2
V170,101,2
V171,71,2
V172,48,2
V173,16,2
V174,17,2
V175,11,2
V176,40,2
V177,19,2
V178,46,2
V179,14,2
V180,40,2
V181,8,2
V182,27,2
V183,26,2
V184,39,2
V185,23,2
V186,22,2
V187,286,2
V188,53,2
V189,163,2
V190,24,2
V191,16,2
V192,31,2
V193,18,2
V194,17,2
V195,9,2
V196,8,2
V197,82,2
V198,29,2
V199,33,2
V200,69,2
V201,99,2
V202,73,2
V203,144,2
V204,66,2
V205,105,2
V206,92,2
V207,179,2
V208,163,2
V209,179,2
V210,106,2
V211,46,2
V212,76,2
V213,58,2
V214,42,2
V215,142,2
V216,84,2
V217,63,2
V218,69,2
V219,59,2
V220,214,2
V221,113,2
V222,81,2
V223,95,2
V224,55,2
V225,46,2
V226,32,2
V227,23,2
V228,31,2
V229,78,2
V230,36,2
V231,31,2
V232,54,2
V233,39,2
V234,76,2
V235,22,2
V236,19,2
V237,22,2
V238,35,2
V239,53,2
V240,0,2
V241,0,2
V242,57,2
V243,196,2
V244,59,2
V245,109,2
V246,48,2
V247,27,2
V248,78,2
V249,33,2
V250,26,2
V251,89,2
V252,8,2
V253,60,2
V254,36,2
V255,18,2
V256,215,2
V257,147,2
V258,349,2
V259,188,2
V260,34,2
V261,238,2
V262,73,2
V263,89,2
V264,162,2
V265,99,2
V266,210,2
V267,193,2
V268,124,2
V269,2,2
V270,133,2
V271,224,2
V272,91,2
V273,53,2
V274,117,2
V275,59,2
V276,70,2
V277,192,2
V278,151,2
V279,121,2
V280,71,2
V281,331,2
V282,189,2
V283,350,2
V284,11,2
V285,226,2
V286,52,2
V287,23,2
V288,51,2
V289,76,2
V290,56,2
V291,111,2
V292,59,2
V293,120,2
V294,279,2
V295,35,2
V296,184,2
V297,10,2
V298,72,2
V299,7,2
V300,53,2
V301,80,2
V302,7,2
V303,38,2
V304,12,2
V305,0,2
V306,102,2
V307,773,2
V308,298,2
V309,130,2
V310,624,2
V311,215,2
V312,287,2
V313,578,2
V314,354,2
V315,431,2
V316,97,2
V317,360,2
V318,100,2
V319,49,2
V320,251,2
V321,82,2
V322,22,2
V323,114,2
V324,55,2
V325,0,2
V326,31,2
V327,11,2
V328,4,2
V329,20,2
V330,8,2
V331,16,2
V332,72,2
V333,61,2
V334,26,2
V335,55,2
V336,42,2
V337,17,2
V338,68,2
V339,38,2
is_december,484,2
is_holiday,21,2
card1_fq_enc,1214,2
card2_fq_enc,1510,2
card3_fq_enc,69,2
card5_fq_enc,158,2
uid_fq_enc,906,2
uid2_fq_enc,986,2
uid3_fq_enc,1124,2
uid4_fq_enc,1672,2
uid5_fq_enc,1247,2
card3_DT_D_hour_dist,1894,2
card3_DT_W_week_day_dist,1570,2
card3_DT_M_month_day_dist,1457,2
card3_DT_D_hour_dist_best,1699,2
card3_DT_W_week_day_dist_best,750,2
card3_DT_M_month_day_dist_best,1748,2
card5_DT_D_hour_dist,1636,2
card5_DT_W_week_day_dist,1534,2
card5_DT_M_month_day_dist,1646,2
card5_DT_D_hour_dist_best,1460,2
card5_DT_W_week_day_dist_best,768,2
card5_DT_M_month_day_dist_best,2050,2
bank_type_DT_D_hour_dist,1558,2
bank_type_DT_W_week_day_dist,1396,2
bank_type_DT_M_month_day_dist,1326,2
bank_type_DT_D_hour_dist_best,1101,2
bank_type_DT_W_week_day_dist_best,603,2
bank_type_DT_M_month_day_dist_best,1489,2
bank_type_DT_M,1255,2
bank_type_DT_W,1377,2
bank_type_DT_D,1615,2
uid_D1_mean,691,2
uid_D1_std,740,2
uid2_D1_mean,550,2
uid2_D1_std,579,2
uid3_D1_mean,955,2
uid3_D1_std,1093,2
uid4_D1_mean,1315,2
uid4_D1_std,1918,2
uid5_D1_mean,1074,2
uid5_D1_std,1224,2
bank_type_D1_mean,104,2
bank_type_D1_std,85,2
uid_D2_mean,1084,2
uid_D2_std,1291,2
uid2_D2_mean,1009,2
uid2_D2_std,1180,2
uid3_D2_mean,1774,2
uid3_D2_std,1680,2
uid4_D2_mean,2700,2
uid4_D2_std,3087,2
uid5_D2_mean,1874,2
uid5_D2_std,2070,2
bank_type_D2_mean,151,2
bank_type_D2_std,289,2
uid_D3_mean,1204,2
uid_D3_std,1271,2
uid2_D3_mean,1191,2
uid2_D3_std,989,2
uid3_D3_mean,1832,2
uid3_D3_std,1810,2
uid4_D3_mean,2756,2
uid4_D3_std,2532,2
uid5_D3_mean,2117,2
uid5_D3_std,2067,2
bank_type_D3_mean,373,2
bank_type_D3_std,305,2
uid_D4_mean,725,2
uid_D4_std,888,2
uid2_D4_mean,545,2
uid2_D4_std,726,2
uid3_D4_mean,1282,2
uid3_D4_std,1354,2
uid4_D4_mean,2345,2
uid4_D4_std,2124,2
uid5_D4_mean,1546,2
uid5_D4_std,1693,2
bank_type_D4_mean,149,2
bank_type_D4_std,81,2
uid_D5_mean,1407,2
uid_D5_std,1425,2
uid2_D5_mean,1416,2
uid2_D5_std,1344,2
uid3_D5_mean,1906,2
uid3_D5_std,2089,2
uid4_D5_mean,2997,2
uid4_D5_std,2434,2
uid5_D5_mean,2212,2
uid5_D5_std,2143,2
bank_type_D5_mean,174,2
bank_type_D5_std,333,2
uid_D6_mean,1567,2
uid_D6_std,1310,2
uid2_D6_mean,1409,2
uid2_D6_std,1134,2
uid3_D6_mean,1846,2
uid3_D6_std,1479,2
uid4_D6_mean,1016,2
uid4_D6_std,1090,2
uid5_D6_mean,304,2
uid5_D6_std,308,2
bank_type_D6_mean,298,2
bank_type_D6_std,227,2
uid_D7_mean,1482,2
uid_D7_std,1836,2
uid2_D7_mean,1379,2
uid2_D7_std,1483,2
uid3_D7_mean,1807,2
uid3_D7_std,1602,2
uid4_D7_mean,1381,2
uid4_D7_std,1161,2
uid5_D7_mean,439,2
uid5_D7_std,360,2
bank_type_D7_mean,261,2
bank_type_D7_std,218,2
uid_D8_mean,1863,2
uid_D8_std,1043,2
uid2_D8_mean,1519,2
uid2_D8_std,855,2
uid3_D8_mean,2697,2
uid3_D8_std,1334,2
uid4_D8_mean,2500,2
uid4_D8_std,1381,2
uid5_D8_mean,2573,2
uid5_D8_std,1539,2
bank_type_D8_mean,279,2
bank_type_D8_std,71,2
uid_D9_mean,1692,2
uid_D9_std,1949,2
uid2_D9_mean,1705,2
uid2_D9_std,1546,2
uid3_D9_mean,2645,2
uid3_D9_std,2357,2
uid4_D9_mean,3036,2
uid4_D9_std,1969,2
uid5_D9_mean,2224,2
uid5_D9_std,2081,2
bank_type_D9_mean,260,2
bank_type_D9_std,235,2
uid_D10_mean,756,2
uid_D10_std,934,2
uid2_D10_mean,671,2
uid2_D10_std,878,2
uid3_D10_mean,1051,2
uid3_D10_std,1129,2
uid4_D10_mean,1559,2
uid4_D10_std,1692,2
uid5_D10_mean,1264,2
uid5_D10_std,1232,2
bank_type_D10_mean,128,2
bank_type_D10_std,154,2
uid_D11_mean,997,2
uid_D11_std,1130,2
uid2_D11_mean,816,2
uid2_D11_std,1015,2
uid3_D11_mean,1249,2
uid3_D11_std,1419,2
uid4_D11_mean,2194,2
uid4_D11_std,2201,2
uid5_D11_mean,1248,2
uid5_D11_std,1192,2
bank_type_D11_mean,190,2
bank_type_D11_std,197,2
uid_D12_mean,1146,2
uid_D12_std,1072,2
uid2_D12_mean,972,2
uid2_D12_std,929,2
uid3_D12_mean,259,2
uid3_D12_std,274,2
uid4_D12_mean,286,2
uid4_D12_std,298,2
uid5_D12_mean,144,2
uid5_D12_std,150,2
bank_type_D12_mean,406,2
bank_type_D12_std,434,2
uid_D13_mean,1079,2
uid_D13_std,1256,2
uid2_D13_mean,1095,2
uid2_D13_std,1065,2
uid3_D13_mean,1184,2
uid3_D13_std,1258,2
uid4_D13_mean,744,2
uid4_D13_std,724,2
uid5_D13_mean,656,2
uid5_D13_std,674,2
bank_type_D13_mean,332,2
bank_type_D13_std,297,2
uid_D14_mean,1318,2
uid_D14_std,1437,2
uid2_D14_mean,1101,2
uid2_D14_std,1271,2
uid3_D14_mean,1579,2
uid3_D14_std,1787,2
uid4_D14_mean,1134,2
uid4_D14_std,1217,2
uid5_D14_mean,1062,2
uid5_D14_std,964,2
bank_type_D14_mean,291,2
bank_type_D14_std,323,2
uid_D15_mean,740,2
uid_D15_std,680,2
uid2_D15_mean,646,2
uid2_D15_std,753,2
uid3_D15_mean,1134,2
uid3_D15_std,1058,2
uid4_D15_mean,1854,2
uid4_D15_std,1823,2
uid5_D15_mean,1298,2
uid5_D15_std,1148,2
bank_type_D15_mean,97,2
bank_type_D15_std,107,2
D9_not_na,1,2
D8_not_same_day,9,2
D8_D9_decimal_dist,525,2
D3_DT_D_min_max,572,2
D3_DT_D_std_score,638,2
D4_DT_D_min_max,772,2
D4_DT_D_std_score,2438,2
D5_DT_D_min_max,328,2
D5_DT_D_std_score,602,2
D6_DT_D_min_max,124,2
D6_DT_D_std_score,954,2
D7_DT_D_min_max,52,2
D7_DT_D_std_score,390,2
D8_DT_D_min_max,606,2
D8_DT_D_std_score,2720,2
D10_DT_D_min_max,598,2
D10_DT_D_std_score,2710,2
D11_DT_D_min_max,443,2
D11_DT_D_std_score,1343,2
D12_DT_D_min_max,150,2
D12_DT_D_std_score,953,2
D13_DT_D_min_max,167,2
D13_DT_D_std_score,1309,2
D14_DT_D_min_max,232,2
D14_DT_D_std_score,1140,2
D15_DT_D_min_max,876,2
D15_DT_D_std_score,2580,2
D3_DT_W_min_max,481,2
D3_DT_W_std_score,583,2
D4_DT_W_min_max,543,2
D4_DT_W_std_score,1727,2
D5_DT_W_min_max,211,2
D5_DT_W_std_score,419,2
D6_DT_W_min_max,75,2
D6_DT_W_std_score,681,2
D7_DT_W_min_max,79,2
D7_DT_W_std_score,177,2
D8_DT_W_min_max,431,2
D8_DT_W_std_score,1914,2
D10_DT_W_min_max,658,2
D10_DT_W_std_score,2090,2
D11_DT_W_min_max,329,2
D11_DT_W_std_score,1053,2
D12_DT_W_min_max,106,2
D12_DT_W_std_score,570,2
D13_DT_W_min_max,151,2
D13_DT_W_std_score,1021,2
D14_DT_W_min_max,196,2
D14_DT_W_std_score,754,2
D15_DT_W_min_max,864,2
D15_DT_W_std_score,2167,2
D3_DT_M_min_max,370,2
D3_DT_M_std_score,557,2
D4_DT_M_min_max,402,2
D4_DT_M_std_score,1051,2
D5_DT_M_min_max,200,2
D5_DT_M_std_score,313,2
D6_DT_M_min_max,64,2
D6_DT_M_std_score,358,2
D7_DT_M_min_max,57,2
D7_DT_M_std_score,83,2
D8_DT_M_min_max,400,2
D8_DT_M_std_score,1183,2
D10_DT_M_min_max,453,2
D10_DT_M_std_score,1239,2
D11_DT_M_min_max,258,2
D11_DT_M_std_score,697,2
D12_DT_M_min_max,61,2
D12_DT_M_std_score,337,2
D13_DT_M_min_max,76,2
D13_DT_M_std_score,412,2
D14_DT_M_min_max,160,2
D14_DT_M_std_score,483,2
D15_DT_M_min_max,674,2
D15_DT_M_std_score,1640,2
D1_scaled,1531,2
D2_scaled,2101,2
TransactionAmt_check,41,2
card1_TransactionAmt_mean,1470,2
card1_TransactionAmt_std,1525,2
card2_TransactionAmt_mean,1779,2
card2_TransactionAmt_std,1679,2
card3_TransactionAmt_mean,72,2
card3_TransactionAmt_std,23,2
card5_TransactionAmt_mean,418,2
card5_TransactionAmt_std,291,2
uid_TransactionAmt_mean,644,2
uid_TransactionAmt_std,834,2
uid2_TransactionAmt_mean,812,2
uid2_TransactionAmt_std,923,2
uid3_TransactionAmt_mean,1726,2
uid3_TransactionAmt_std,1961,2
uid4_TransactionAmt_mean,2225,2
uid4_TransactionAmt_std,2981,2
uid5_TransactionAmt_mean,1814,2
uid5_TransactionAmt_std,2083,2
bank_type_TransactionAmt_mean,120,2
bank_type_TransactionAmt_std,93,2
TransactionAmt_DT_D_min_max,2306,2
TransactionAmt_DT_D_std_score,2259,2
TransactionAmt_DT_W_min_max,2088,2
TransactionAmt_DT_W_std_score,2129,2
TransactionAmt_DT_M_min_max,1441,2
TransactionAmt_DT_M_std_score,1894,2
product_type,1950,2
product_type_DT_D,3178,2
product_type_DT_W,2627,2
product_type_DT_M,2473,2
C1_fq_enc,1591,2
C2_fq_enc,748,2
C3_fq_enc,110,2
C4_fq_enc,83,2
C5_fq_enc,262,2
C6_fq_enc,941,2
C7_fq_enc,62,2
C8_fq_enc,246,2
C9_fq_enc,580,2
C10_fq_enc,177,2
C11_fq_enc,862,2
C12_fq_enc,201,2
C13_fq_enc,1394,2
C14_fq_enc,973,2
id_01,831,2
id_02,2287,2
id_03,419,2
id_04,204,2
id_05,1013,2
id_06,870,2
id_07,204,2
id_08,76,2
id_09,429,2
id_10,56,2
id_11,170,2
id_12,7,2
id_13,731,2
id_14,421,2
id_15,142,2
id_16,63,2
id_17,197,2
id_18,421,2
id_19,1321,2
id_20,2201,2
id_21,81,2
id_22,2,2
id_23,31,2
id_24,25,2
id_25,59,2
id_26,37,2
id_27,0,2
id_28,32,2
id_29,8,2
id_30,311,2
id_31,1511,2
id_32,142,2
id_33,422,2
id_34,55,2
id_35,0,2
id_36,69,2
id_37,67,2
id_38,176,2
DeviceType,271,2
DeviceInfo,1031,2
id_33_0,309,2
id_33_1,484,2
DeviceInfo_device,1089,2
DeviceInfo_version,767,2
id_30_device,97,2
id_30_version,328,2
id_31_device,624,2
TransactionAmt,1757,3
ProductCD,542,3
card1,3256,3
card2,2264,3
card3,68,3
card4,253,3
card5,407,3
card6,420,3
addr1,2751,3
addr2,29,3
dist1,2000,3
dist2,956,3
P_emaildomain,3371,3
R_emaildomain,1198,3
C1,1915,3
C2,1148,3
C3,194,3
C4,192,3
C5,421,3
C6,1053,3
C7,98,3
C8,461,3
C9,737,3
C10,373,3
C11,1237,3
C12,511,3
C13,2850,3
C14,1567,3
D1,768,3
D2,877,3
D3,249,3
D4,473,3
D5,184,3
D6,149,3
D7,20,3
D8,516,3
D9,536,3
D10,469,3
D11,267,3
D12,114,3
D13,24,3
D14,167,3
D15,704,3
M1,6,3
M2,291,3
M3,601,3
M4,1254,3
M5,1293,3
M6,1191,3
M7,252,3
M8,268,3
M9,308,3
V1,0,3
V2,38,3
V3,68,3
V4,103,3
V5,173,3
V6,45,3
V7,79,3
V8,38,3
V9,24,3
V10,123,3
V11,89,3
V12,205,3
V13,227,3
V14,1,3
V15,10,3
V16,16,3
V17,12,3
V18,11,3
V19,188,3
V20,305,3
V21,5,3
V22,9,3
V23,79,3
V24,141,3
V25,91,3
V26,63,3
V27,0,3
V28,0,3
V29,209,3
V30,130,3
V31,8,3
V32,14,3
V33,56,3
V34,35,3
V35,164,3
V36,188,3
V37,185,3
V38,287,3
V39,61,3
V40,68,3
V41,0,3
V42,45,3
V43,58,3
V44,252,3
V45,612,3
V46,13,3
V47,108,3
V48,283,3
V49,175,3
V50,6,3
V51,49,3
V52,96,3
V53,311,3
V54,447,3
V55,262,3
V56,215,3
V57,38,3
V58,125,3
V59,39,3
V60,89,3
V61,290,3
V62,586,3
V63,48,3
V64,139,3
V65,0,3
V66,162,3
V67,346,3
V68,0,3
V69,164,3
V70,323,3
V71,10,3
V72,35,3
V73,28,3
V74,118,3
V75,290,3
V76,379,3
V77,190,3
V78,365,3
V79,77,3
V80,20,3
V81,118,3
V82,384,3
V83,540,3
V84,11,3
V85,88,3
V86,293,3
V87,695,3
V88,0,3
V89,0,3
V90,239,3
V91,212,3
V92,15,3
V93,22,3
V94,90,3
V95,13,3
V96,71,3
V97,15,3
V98,7,3
V99,134,3
V100,13,3
V101,7,3
V102,82,3
V103,12,3
V104,5,3
V105,51,3
V106,7,3
V107,0,3
V108,34,3
V109,69,3
V110,12,3
V111,10,3
V112,12,3
V113,2,3
V114,19,3
V115,49,3
V116,15,3
V117,0,3
V118,0,3
V119,0,3
V120,0,3
V121,4,3
V122,0,3
V123,25,3
V124,63,3
V125,35,3
V126,81,3
V127,253,3
V128,128,3
V129,122,3
V130,306,3
V131,209,3
V132,58,3
V133,183,3
V134,80,3
V135,71,3
V136,231,3
V137,66,3
V138,7,3
V139,205,3
V140,69,3
V141,9,3
V142,1,3
V143,243,3
V144,18,3
V145,59,3
V146,71,3
V147,69,3
V148,21,3
V149,238,3
V150,48,3
V151,30,3
V152,155,3
V153,17,3
V154,63,3
V155,24,3
V156,290,3
V157,16,3
V158,19,3
V159,39,3
V160,101,3
V161,49,3
V162,71,3
V163,25,3
V164,143,3
V165,309,3
V166,57,3
V167,40,3
V168,32,3
V169,168,3
V170,70,3
V171,61,3
V172,55,3
V173,21,3
V174,13,3
V175,16,3
V176,37,3
V177,17,3
V178,42,3
V179,24,3
V180,45,3
V181,16,3
V182,48,3
V183,18,3
V184,59,3
V185,16,3
V186,43,3
V187,307,3
V188,60,3
V189,172,3
V190,17,3
V191,18,3
V192,35,3
V193,21,3
V194,30,3
V195,8,3
V196,12,3
V197,99,3
V198,35,3
V199,42,3
V200,70,3
V201,99,3
V202,54,3
V203,161,3
V204,77,3
V205,97,3
V206,116,3
V207,194,3
V208,164,3
V209,198,3
V210,122,3
V211,40,3
V212,67,3
V213,61,3
V214,53,3
V215,143,3
V216,85,3
V217,83,3
V218,70,3
V219,64,3
V220,212,3
V221,118,3
V222,64,3
V223,63,3
V224,53,3
V225,46,3
V226,37,3
V227,13,3
V228,25,3
V229,69,3
V230,41,3
V231,49,3
V232,51,3
V233,26,3
V234,86,3
V235,20,3
V236,14,3
V237,19,3
V238,41,3
V239,52,3
V240,0,3
V241,0,3
V242,39,3
V243,163,3
V244,54,3
V245,149,3
V246,29,3
V247,37,3
V248,61,3
V249,34,3
V250,42,3
V251,108,3
V252,7,3
V253,66,3
V254,20,3
V255,27,3
V256,209,3
V257,150,3
V258,347,3
V259,176,3
V260,46,3
V261,237,3
V262,73,3
V263,80,3
V264,164,3
V265,121,3
V266,246,3
V267,166,3
V268,128,3
V269,1,3
V270,111,3
V271,161,3
V272,108,3
V273,64,3
V274,115,3
V275,55,3
V276,75,3
V277,207,3
V278,117,3
V279,151,3
V280,45,3
V281,317,3
V282,176,3
V283,384,3
V284,10,3
V285,225,3
V286,26,3
V287,45,3
V288,41,3
V289,75,3
V290,50,3
V291,114,3
V292,44,3
V293,121,3
V294,338,3
V295,30,3
V296,199,3
V297,2,3
V298,84,3
V299,5,3
V300,67,3
V301,57,3
V302,4,3
V303,33,3
V304,15,3
V305,0,3
V306,94,3
V307,679,3
V308,324,3
V309,149,3
V310,605,3
V311,161,3
V312,273,3
V313,592,3
V314,365,3
V315,506,3
V316,95,3
V317,341,3
V318,91,3
V319,45,3
V320,296,3
V321,81,3
V322,13,3
V323,124,3
V324,58,3
V325,2,3
V326,26,3
V327,8,3
V328,3,3
V329,27,3
V330,15,3
V331,22,3
V332,89,3
V333,54,3
V334,10,3
V335,41,3
V336,33,3
V337,14,3
V338,55,3
V339,27,3
is_december,494,3
is_holiday,45,3
card1_fq_enc,1214,3
card2_fq_enc,1618,3
card3_fq_enc,60,3
card5_fq_enc,130,3
uid_fq_enc,886,3
uid2_fq_enc,932,3
uid3_fq_enc,1141,3
uid4_fq_enc,1674,3
uid5_fq_enc,1278,3
card3_DT_D_hour_dist,2056,3
card3_DT_W_week_day_dist,1594,3
card3_DT_M_month_day_dist,1427,3
card3_DT_D_hour_dist_best,1735,3
card3_DT_W_week_day_dist_best,701,3
card3_DT_M_month_day_dist_best,1794,3
card5_DT_D_hour_dist,1629,3
card5_DT_W_week_day_dist,1533,3
card5_DT_M_month_day_dist,1599,3
card5_DT_D_hour_dist_best,1446,3
card5_DT_W_week_day_dist_best,769,3
card5_DT_M_month_day_dist_best,1960,3
bank_type_DT_D_hour_dist,1501,3
bank_type_DT_W_week_day_dist,1395,3
bank_type_DT_M_month_day_dist,1396,3
bank_type_DT_D_hour_dist_best,1111,3
bank_type_DT_W_week_day_dist_best,620,3
bank_type_DT_M_month_day_dist_best,1487,3
bank_type_DT_M,1286,3
bank_type_DT_W,1375,3
bank_type_DT_D,1656,3
uid_D1_mean,669,3
uid_D1_std,711,3
uid2_D1_mean,580,3
uid2_D1_std,560,3
uid3_D1_mean,994,3
uid3_D1_std,1069,3
uid4_D1_mean,1336,3
uid4_D1_std,1785,3
uid5_D1_mean,1016,3
uid5_D1_std,1275,3
bank_type_D1_mean,117,3
bank_type_D1_std,79,3
uid_D2_mean,1125,3
uid_D2_std,1287,3
uid2_D2_mean,1000,3
uid2_D2_std,1210,3
uid3_D2_mean,1740,3
uid3_D2_std,1677,3
uid4_D2_mean,2749,3
uid4_D2_std,2989,3
uid5_D2_mean,1908,3
uid5_D2_std,2014,3
bank_type_D2_mean,163,3
bank_type_D2_std,351,3
uid_D3_mean,1187,3
uid_D3_std,1270,3
uid2_D3_mean,1267,3
uid2_D3_std,1037,3
uid3_D3_mean,1874,3
uid3_D3_std,1763,3
uid4_D3_mean,3018,3
uid4_D3_std,2572,3
uid5_D3_mean,2185,3
uid5_D3_std,2156,3
bank_type_D3_mean,394,3
bank_type_D3_std,311,3
uid_D4_mean,763,3
uid_D4_std,905,3
uid2_D4_mean,601,3
uid2_D4_std,747,3
uid3_D4_mean,1268,3
uid3_D4_std,1361,3
uid4_D4_mean,2351,3
uid4_D4_std,1986,3
uid5_D4_mean,1573,3
uid5_D4_std,1596,3
bank_type_D4_mean,153,3
bank_type_D4_std,113,3
uid_D5_mean,1492,3
uid_D5_std,1482,3
uid2_D5_mean,1451,3
uid2_D5_std,1311,3
uid3_D5_mean,2054,3
uid3_D5_std,2183,3
uid4_D5_mean,2928,3
uid4_D5_std,2579,3
uid5_D5_mean,2221,3
uid5_D5_std,2184,3
bank_type_D5_mean,215,3
bank_type_D5_std,328,3
uid_D6_mean,1542,3
uid_D6_std,1299,3
uid2_D6_mean,1348,3
uid2_D6_std,1093,3
uid3_D6_mean,1866,3
uid3_D6_std,1516,3
uid4_D6_mean,1076,3
uid4_D6_std,1220,3
uid5_D6_mean,338,3
uid5_D6_std,283,3
bank_type_D6_mean,295,3
bank_type_D6_std,234,3
uid_D7_mean,1533,3
uid_D7_std,1869,3
uid2_D7_mean,1298,3
uid2_D7_std,1523,3
uid3_D7_mean,1879,3
uid3_D7_std,1708,3
uid4_D7_mean,1327,3
uid4_D7_std,1189,3
uid5_D7_mean,442,3
uid5_D7_std,349,3
bank_type_D7_mean,268,3
bank_type_D7_std,208,3
uid_D8_mean,1902,3
uid_D8_std,1019,3
uid2_D8_mean,1668,3
uid2_D8_std,867,3
uid3_D8_mean,2676,3
uid3_D8_std,1367,3
uid4_D8_mean,2405,3
uid4_D8_std,1510,3
uid5_D8_mean,2408,3
uid5_D8_std,1564,3
bank_type_D8_mean,283,3
bank_type_D8_std,76,3
uid_D9_mean,1868,3
uid_D9_std,1967,3
uid2_D9_mean,1744,3
uid2_D9_std,1597,3
uid3_D9_mean,2632,3
uid3_D9_std,2296,3
uid4_D9_mean,3000,3
uid4_D9_std,1779,3
uid5_D9_mean,2199,3
uid5_D9_std,2127,3
bank_type_D9_mean,246,3
bank_type_D9_std,206,3
uid_D10_mean,789,3
uid_D10_std,970,3
uid2_D10_mean,708,3
uid2_D10_std,871,3
uid3_D10_mean,1041,3
uid3_D10_std,1197,3
uid4_D10_mean,1606,3
uid4_D10_std,1680,3
uid5_D10_mean,1205,3
uid5_D10_std,1263,3
bank_type_D10_mean,139,3
bank_type_D10_std,141,3
uid_D11_mean,985,3
uid_D11_std,1069,3
uid2_D11_mean,862,3
uid2_D11_std,956,3
uid3_D11_mean,1340,3
uid3_D11_std,1324,3
uid4_D11_mean,2199,3
uid4_D11_std,2179,3
uid5_D11_mean,1282,3
uid5_D11_std,1162,3
bank_type_D11_mean,159,3
bank_type_D11_std,186,3
uid_D12_mean,1113,3
uid_D12_std,1100,3
uid2_D12_mean,972,3
uid2_D12_std,918,3
uid3_D12_mean,266,3
uid3_D12_std,261,3
uid4_D12_mean,277,3
uid4_D12_std,306,3
uid5_D12_mean,149,3
uid5_D12_std,127,3
bank_type_D12_mean,387,3
bank_type_D12_std,477,3
uid_D13_mean,1131,3
uid_D13_std,1210,3
uid2_D13_mean,1048,3
uid2_D13_std,1103,3
uid3_D13_mean,1174,3
uid3_D13_std,1210,3
uid4_D13_mean,773,3
uid4_D13_std,747,3
uid5_D13_mean,664,3
uid5_D13_std,666,3
bank_type_D13_mean,359,3
bank_type_D13_std,346,3
uid_D14_mean,1254,3
uid_D14_std,1449,3
uid2_D14_mean,1119,3
uid2_D14_std,1318,3
uid3_D14_mean,1650,3
uid3_D14_std,1696,3
uid4_D14_mean,1205,3
uid4_D14_std,1300,3
uid5_D14_mean,1133,3
uid5_D14_std,1035,3
bank_type_D14_mean,246,3
bank_type_D14_std,263,3
uid_D15_mean,706,3
uid_D15_std,698,3
uid2_D15_mean,613,3
uid2_D15_std,755,3
uid3_D15_mean,1177,3
uid3_D15_std,1090,3
uid4_D15_mean,1777,3
uid4_D15_std,1864,3
uid5_D15_mean,1283,3
uid5_D15_std,1262,3
bank_type_D15_mean,105,3
bank_type_D15_std,103,3
D9_not_na,2,3
D8_not_same_day,5,3
D8_D9_decimal_dist,524,3
D3_DT_D_min_max,602,3
D3_DT_D_std_score,720,3
D4_DT_D_min_max,696,3
D4_DT_D_std_score,2502,3
D5_DT_D_min_max,300,3
D5_DT_D_std_score,566,3
D6_DT_D_min_max,139,3
D6_DT_D_std_score,913,3
D7_DT_D_min_max,68,3
D7_DT_D_std_score,255,3
D8_DT_D_min_max,589,3
D8_DT_D_std_score,2639,3
D10_DT_D_min_max,613,3
D10_DT_D_std_score,2588,3
D11_DT_D_min_max,400,3
D11_DT_D_std_score,1353,3
D12_DT_D_min_max,134,3
D12_DT_D_std_score,954,3
D13_DT_D_min_max,183,3
D13_DT_D_std_score,1209,3
D14_DT_D_min_max,230,3
D14_DT_D_std_score,1021,3
D15_DT_D_min_max,845,3
D15_DT_D_std_score,2632,3
D3_DT_W_min_max,465,3
D3_DT_W_std_score,553,3
D4_DT_W_min_max,566,3
D4_DT_W_std_score,1643,3
D5_DT_W_min_max,238,3
D5_DT_W_std_score,370,3
D6_DT_W_min_max,102,3
D6_DT_W_std_score,682,3
D7_DT_W_min_max,61,3
D7_DT_W_std_score,132,3
D8_DT_W_min_max,425,3
D8_DT_W_std_score,1867,3
D10_DT_W_min_max,581,3
D10_DT_W_std_score,1990,3
D11_DT_W_min_max,289,3
D11_DT_W_std_score,1054,3
D12_DT_W_min_max,91,3
D12_DT_W_std_score,576,3
D13_DT_W_min_max,129,3
D13_DT_W_std_score,1093,3
D14_DT_W_min_max,184,3
D14_DT_W_std_score,743,3
D15_DT_W_min_max,857,3
D15_DT_W_std_score,2112,3
D3_DT_M_min_max,389,3
D3_DT_M_std_score,551,3
D4_DT_M_min_max,401,3
D4_DT_M_std_score,1046,3
D5_DT_M_min_max,191,3
D5_DT_M_std_score,293,3
D6_DT_M_min_max,74,3
D6_DT_M_std_score,371,3
D7_DT_M_min_max,37,3
D7_DT_M_std_score,85,3
D8_DT_M_min_max,382,3
D8_DT_M_std_score,1112,3
D10_DT_M_min_max,440,3
D10_DT_M_std_score,1273,3
D11_DT_M_min_max,213,3
D11_DT_M_std_score,675,3
D12_DT_M_min_max,52,3
D12_DT_M_std_score,277,3
D13_DT_M_min_max,64,3
D13_DT_M_std_score,457,3
D14_DT_M_min_max,149,3
D14_DT_M_std_score,484,3
D15_DT_M_min_max,670,3
D15_DT_M_std_score,1624,3
D1_scaled,1502,3
D2_scaled,2027,3
TransactionAmt_check,51,3
card1_TransactionAmt_mean,1430,3
card1_TransactionAmt_std,1517,3
card2_TransactionAmt_mean,1747,3
card2_TransactionAmt_std,1631,3
card3_TransactionAmt_mean,89,3
card3_TransactionAmt_std,24,3
card5_TransactionAmt_mean,414,3
card5_TransactionAmt_std,307,3
uid_TransactionAmt_mean,655,3
uid_TransactionAmt_std,858,3
uid2_TransactionAmt_mean,823,3
uid2_TransactionAmt_std,918,3
uid3_TransactionAmt_mean,1738,3
uid3_TransactionAmt_std,1911,3
uid4_TransactionAmt_mean,2201,3
uid4_TransactionAmt_std,2989,3
uid5_TransactionAmt_mean,1711,3
uid5_TransactionAmt_std,2145,3
bank_type_TransactionAmt_mean,113,3
bank_type_TransactionAmt_std,106,3
TransactionAmt_DT_D_min_max,2262,3
TransactionAmt_DT_D_std_score,2214,3
TransactionAmt_DT_W_min_max,1942,3
TransactionAmt_DT_W_std_score,1995,3
TransactionAmt_DT_M_min_max,1586,3
TransactionAmt_DT_M_std_score,1738,3
product_type,1875,3
product_type_DT_D,3325,3
product_type_DT_W,2716,3
product_type_DT_M,2409,3
C1_fq_enc,1625,3
C2_fq_enc,755,3
C3_fq_enc,105,3
C4_fq_enc,89,3
C5_fq_enc,278,3
C6_fq_enc,951,3
C7_fq_enc,49,3
C8_fq_enc,276,3
C9_fq_enc,537,3
C10_fq_enc,195,3
C11_fq_enc,959,3
C12_fq_enc,203,3
C13_fq_enc,1535,3
C14_fq_enc,859,3
id_01,898,3
id_02,2339,3
id_03,369,3
id_04,189,3
id_05,1123,3
id_06,845,3
id_07,207,3
id_08,81,3
id_09,335,3
id_10,47,3
id_11,153,3
id_12,4,3
id_13,728,3
id_14,375,3
id_15,169,3
id_16,43,3
id_17,182,3
id_18,427,3
id_19,1268,3
id_20,2194,3
id_21,102,3
id_22,1,3
id_23,33,3
id_24,16,3
id_25,30,3
id_26,20,3
id_27,0,3
id_28,25,3
id_29,8,3
id_30,275,3
id_31,1474,3
id_32,159,3
id_33,381,3
id_34,65,3
id_35,2,3
id_36,51,3
id_37,57,3
id_38,136,3
DeviceType,257,3
DeviceInfo,1150,3
id_33_0,305,3
id_33_1,507,3
DeviceInfo_device,981,3
DeviceInfo_version,724,3
id_30_device,105,3
id_30_version,345,3
id_31_device,642,3
TransactionAmt,1594,4
ProductCD,524,4
card1,3260,4
card2,2319,4
card3,67,4
card4,276,4
card5,401,4
card6,395,4
addr1,2655,4
addr2,25,4
dist1,2046,4
dist2,785,4
P_emaildomain,3443,4
R_emaildomain,1217,4
C1,1892,4
C2,1176,4
C3,189,4
C4,168,4
C5,463,4
C6,1101,4
C7,110,4
C8,543,4
C9,826,4
C10,392,4
C11,1223,4
C12,481,4
C13,2924,4
C14,1464,4
D1,776,4
D2,903,4
D3,248,4
D4,504,4
D5,237,4
D6,139,4
D7,25,4
D8,497,4
D9,539,4
D10,472,4
D11,323,4
D12,99,4
D13,32,4
D14,126,4
D15,711,4
M1,17,4
M2,288,4
M3,592,4
M4,1199,4
M5,1281,4
M6,1178,4
M7,276,4
M8,245,4
M9,294,4
V1,0,4
V2,26,4
V3,33,4
V4,118,4
V5,194,4
V6,64,4
V7,88,4
V8,42,4
V9,20,4
V10,121,4
V11,72,4
V12,236,4
V13,224,4
V14,0,4
V15,12,4
V16,9,4
V17,9,4
V18,10,4
V19,178,4
V20,280,4
V21,3,4
V22,5,4
V23,99,4
V24,145,4
V25,63,4
V26,59,4
V27,0,4
V28,0,4
V29,209,4
V30,169,4
V31,4,4
V32,6,4
V33,58,4
V34,60,4
V35,176,4
V36,198,4
V37,173,4
V38,282,4
V39,74,4
V40,99,4
V41,0,4
V42,26,4
V43,74,4
V44,268,4
V45,643,4
V46,24,4
V47,120,4
V48,286,4
V49,202,4
V50,4,4
V51,55,4
V52,101,4
V53,350,4
V54,406,4
V55,269,4
V56,165,4
V57,42,4
V58,119,4
V59,40,4
V60,83,4
V61,261,4
V62,575,4
V63,37,4
V64,140,4
V65,0,4
V66,172,4
V67,325,4
V68,0,4
V69,172,4
V70,297,4
V71,7,4
V72,46,4
V73,29,4
V74,132,4
V75,287,4
V76,397,4
V77,218,4
V78,325,4
V79,100,4
V80,42,4
V81,170,4
V82,412,4
V83,516,4
V84,11,4
V85,82,4
V86,219,4
V87,688,4
V88,1,4
V89,0,4
V90,234,4
V91,222,4
V92,13,4
V93,23,4
V94,93,4
V95,2,4
V96,74,4
V97,20,4
V98,4,4
V99,136,4
V100,9,4
V101,6,4
V102,51,4
V103,20,4
V104,5,4
V105,49,4
V106,5,4
V107,0,4
V108,27,4
V109,43,4
V110,5,4
V111,6,4
V112,8,4
V113,2,4
V114,11,4
V115,50,4
V116,12,4
V117,0,4
V118,4,4
V119,1,4
V120,0,4
V121,1,4
V122,0,4
V123,24,4
V124,93,4
V125,30,4
V126,93,4
V127,263,4
V128,109,4
V129,88,4
V130,308,4
V131,170,4
V132,39,4
V133,190,4
V134,85,4
V135,56,4
V136,210,4
V137,71,4
V138,4,4
V139,194,4
V140,68,4
V141,7,4
V142,5,4
V143,230,4
V144,15,4
V145,63,4
V146,51,4
V147,73,4
V148,24,4
V149,282,4
V150,53,4
V151,31,4
V152,158,4
V153,17,4
V154,60,4
V155,36,4
V156,266,4
V157,8,4
V158,22,4
V159,46,4
V160,116,4
V161,33,4
V162,84,4
V163,20,4
V164,148,4
V165,276,4
V166,49,4
V167,39,4
V168,26,4
V169,168,4
V170,96,4
V171,47,4
V172,53,4
V173,16,4
V174,14,4
V175,22,4
V176,50,4
V177,16,4
V178,44,4
V179,22,4
V180,37,4
V181,10,4
V182,39,4
V183,17,4
V184,46,4
V185,15,4
V186,26,4
V187,313,4
V188,71,4
V189,170,4
V190,29,4
V191,26,4
V192,25,4
V193,11,4
V194,27,4
V195,14,4
V196,7,4
V197,83,4
V198,27,4
V199,42,4
V200,74,4
V201,92,4
V202,67,4
V203,155,4
V204,53,4
V205,134,4
V206,104,4
V207,174,4
V208,156,4
V209,198,4
V210,105,4
V211,40,4
V212,90,4
V213,54,4
V214,60,4
V215,146,4
V216,78,4
V217,77,4
V218,62,4
V219,52,4
V220,241,4
V221,98,4
V222,80,4
V223,64,4
V224,58,4
V225,25,4
V226,37,4
V227,25,4
V228,33,4
V229,46,4
V230,34,4
V231,47,4
V232,53,4
V233,33,4
V234,103,4
V235,19,4
V236,21,4
V237,16,4
V238,27,4
V239,35,4
V240,0,4
V241,0,4
V242,31,4
V243,166,4
V244,52,4
V245,119,4
V246,41,4
V247,25,4
V248,55,4
V249,41,4
V250,23,4
V251,66,4
V252,13,4
V253,49,4
V254,26,4
V255,29,4
V256,247,4
V257,155,4
V258,381,4
V259,167,4
V260,61,4
V261,259,4
V262,83,4
V263,85,4
V264,180,4
V265,93,4
V266,274,4
V267,168,4
V268,81,4
V269,6,4
V270,116,4
V271,182,4
V272,103,4
V273,62,4
V274,143,4
V275,62,4
V276,104,4
V277,176,4
V278,135,4
V279,122,4
V280,66,4
V281,336,4
V282,185,4
V283,373,4
V284,4,4
V285,261,4
V286,40,4
V287,26,4
V288,51,4
V289,73,4
V290,48,4
V291,106,4
V292,54,4
V293,126,4
V294,323,4
V295,59,4
V296,179,4
V297,8,4
V298,72,4
V299,9,4
V300,57,4
V301,61,4
V302,4,4
V303,24,4
V304,17,4
V305,0,4
V306,108,4
V307,712,4
V308,336,4
V309,156,4
V310,581,4
V311,255,4
V312,271,4
V313,583,4
V314,385,4
V315,472,4
V316,78,4
V317,361,4
V318,97,4
V319,63,4
V320,323,4
V321,89,4
V322,20,4
V323,93,4
V324,67,4
V325,0,4
V326,29,4
V327,16,4
V328,3,4
V329,23,4
V330,14,4
V331,26,4
V332,69,4
V333,49,4
V334,23,4
V335,40,4
V336,34,4
V337,23,4
V338,42,4
V339,22,4
is_december,467,4
is_holiday,26,4
card1_fq_enc,1195,4
card2_fq_enc,1546,4
card3_fq_enc,67,4
card5_fq_enc,116,4
uid_fq_enc,967,4
uid2_fq_enc,940,4
uid3_fq_enc,1125,4
uid4_fq_enc,1589,4
uid5_fq_enc,1287,4
card3_DT_D_hour_dist,2064,4
card3_DT_W_week_day_dist,1571,4
card3_DT_M_month_day_dist,1480,4
card3_DT_D_hour_dist_best,1717,4
card3_DT_W_week_day_dist_best,697,4
card3_DT_M_month_day_dist_best,1815,4
card5_DT_D_hour_dist,1595,4
card5_DT_W_week_day_dist,1519,4
card5_DT_M_month_day_dist,1492,4
card5_DT_D_hour_dist_best,1440,4
card5_DT_W_week_day_dist_best,819,4
card5_DT_M_month_day_dist_best,2087,4
bank_type_DT_D_hour_dist,1608,4
bank_type_DT_W_week_day_dist,1410,4
bank_type_DT_M_month_day_dist,1384,4
bank_type_DT_D_hour_dist_best,1120,4
bank_type_DT_W_week_day_dist_best,589,4
bank_type_DT_M_month_day_dist_best,1570,4
bank_type_DT_M,1243,4
bank_type_DT_W,1350,4
bank_type_DT_D,1648,4
uid_D1_mean,670,4
uid_D1_std,769,4
uid2_D1_mean,537,4
uid2_D1_std,597,4
uid3_D1_mean,912,4
uid3_D1_std,1069,4
uid4_D1_mean,1330,4
uid4_D1_std,1841,4
uid5_D1_mean,1064,4
uid5_D1_std,1302,4
bank_type_D1_mean,116,4
bank_type_D1_std,99,4
uid_D2_mean,1243,4
uid_D2_std,1266,4
uid2_D2_mean,1035,4
uid2_D2_std,1189,4
uid3_D2_mean,1628,4
uid3_D2_std,1700,4
uid4_D2_mean,2678,4
uid4_D2_std,3026,4
uid5_D2_mean,1874,4
uid5_D2_std,2083,4
bank_type_D2_mean,188,4
bank_type_D2_std,350,4
uid_D3_mean,1209,4
uid_D3_std,1245,4
uid2_D3_mean,1261,4
uid2_D3_std,1035,4
uid3_D3_mean,1761,4
uid3_D3_std,1781,4
uid4_D3_mean,2929,4
uid4_D3_std,2594,4
uid5_D3_mean,2106,4
uid5_D3_std,2093,4
bank_type_D3_mean,361,4
bank_type_D3_std,329,4
uid_D4_mean,699,4
uid_D4_std,894,4
uid2_D4_mean,617,4
uid2_D4_std,789,4
uid3_D4_mean,1237,4
uid3_D4_std,1356,4
uid4_D4_mean,2338,4
uid4_D4_std,2063,4
uid5_D4_mean,1534,4
uid5_D4_std,1634,4
bank_type_D4_mean,134,4
bank_type_D4_std,93,4
uid_D5_mean,1393,4
uid_D5_std,1493,4
uid2_D5_mean,1382,4
uid2_D5_std,1282,4
uid3_D5_mean,1948,4
uid3_D5_std,2052,4
uid4_D5_mean,2814,4
uid4_D5_std,2499,4
uid5_D5_mean,2187,4
uid5_D5_std,2116,4
bank_type_D5_mean,163,4
bank_type_D5_std,320,4
uid_D6_mean,1630,4
uid_D6_std,1283,4
uid2_D6_mean,1341,4
uid2_D6_std,1097,4
uid3_D6_mean,1849,4
uid3_D6_std,1469,4
uid4_D6_mean,1059,4
uid4_D6_std,1203,4
uid5_D6_mean,286,4
uid5_D6_std,312,4
bank_type_D6_mean,309,4
bank_type_D6_std,225,4
uid_D7_mean,1495,4
uid_D7_std,1802,4
uid2_D7_mean,1367,4
uid2_D7_std,1440,4
uid3_D7_mean,1941,4
uid3_D7_std,1635,4
uid4_D7_mean,1353,4
uid4_D7_std,1131,4
uid5_D7_mean,447,4
uid5_D7_std,336,4
bank_type_D7_mean,285,4
bank_type_D7_std,188,4
uid_D8_mean,1871,4
uid_D8_std,983,4
uid2_D8_mean,1559,4
uid2_D8_std,824,4
uid3_D8_mean,2758,4
uid3_D8_std,1347,4
uid4_D8_mean,2456,4
uid4_D8_std,1349,4
uid5_D8_mean,2343,4
uid5_D8_std,1621,4
bank_type_D8_mean,297,4
bank_type_D8_std,57,4
uid_D9_mean,1773,4
uid_D9_std,1986,4
uid2_D9_mean,1795,4
uid2_D9_std,1646,4
uid3_D9_mean,2682,4
uid3_D9_std,2243,4
uid4_D9_mean,3089,4
uid4_D9_std,1872,4
uid5_D9_mean,2221,4
uid5_D9_std,2194,4
bank_type_D9_mean,228,4
bank_type_D9_std,194,4
uid_D10_mean,774,4
uid_D10_std,898,4
uid2_D10_mean,705,4
uid2_D10_std,806,4
uid3_D10_mean,1056,4
uid3_D10_std,1184,4
uid4_D10_mean,1530,4
uid4_D10_std,1674,4
uid5_D10_mean,1304,4
uid5_D10_std,1263,4
bank_type_D10_mean,124,4
bank_type_D10_std,139,4
uid_D11_mean,1042,4
uid_D11_std,1138,4
uid2_D11_mean,932,4
uid2_D11_std,968,4
uid3_D11_mean,1258,4
uid3_D11_std,1297,4
uid4_D11_mean,2161,4
uid4_D11_std,2164,4
uid5_D11_mean,1261,4
uid5_D11_std,1219,4
bank_type_D11_mean,177,4
bank_type_D11_std,192,4
uid_D12_mean,1127,4
uid_D12_std,1131,4
uid2_D12_mean,933,4
uid2_D12_std,980,4
uid3_D12_mean,249,4
uid3_D12_std,233,4
uid4_D12_mean,254,4
uid4_D12_std,271,4
uid5_D12_mean,142,4
uid5_D12_std,146,4
bank_type_D12_mean,431,4
bank_type_D12_std,446,4
uid_D13_mean,1114,4
uid_D13_std,1225,4
uid2_D13_mean,997,4
uid2_D13_std,1081,4
uid3_D13_mean,1058,4
uid3_D13_std,1223,4
uid4_D13_mean,746,4
uid4_D13_std,709,4
uid5_D13_mean,637,4
uid5_D13_std,732,4
bank_type_D13_mean,382,4
bank_type_D13_std,323,4
uid_D14_mean,1263,4
uid_D14_std,1401,4
uid2_D14_mean,1159,4
uid2_D14_std,1347,4
uid3_D14_mean,1641,4
uid3_D14_std,1593,4
uid4_D14_mean,1207,4
uid4_D14_std,1321,4
uid5_D14_mean,1076,4
uid5_D14_std,959,4
bank_type_D14_mean,266,4
bank_type_D14_std,274,4
uid_D15_mean,658,4
uid_D15_std,695,4
uid2_D15_mean,709,4
uid2_D15_std,685,4
uid3_D15_mean,1137,4
uid3_D15_std,1008,4
uid4_D15_mean,1843,4
uid4_D15_std,1800,4
uid5_D15_mean,1238,4
uid5_D15_std,1176,4
bank_type_D15_mean,75,4
bank_type_D15_std,115,4
D9_not_na,1,4
D8_not_same_day,5,4
D8_D9_decimal_dist,488,4
D3_DT_D_min_max,588,4
D3_DT_D_std_score,641,4
D4_DT_D_min_max,734,4
D4_DT_D_std_score,2610,4
D5_DT_D_min_max,335,4
D5_DT_D_std_score,569,4
D6_DT_D_min_max,121,4
D6_DT_D_std_score,908,4
D7_DT_D_min_max,59,4
D7_DT_D_std_score,322,4
D8_DT_D_min_max,652,4
D8_DT_D_std_score,2569,4
D10_DT_D_min_max,617,4
D10_DT_D_std_score,2559,4
D11_DT_D_min_max,432,4
D11_DT_D_std_score,1332,4
D12_DT_D_min_max,119,4
D12_DT_D_std_score,921,4
D13_DT_D_min_max,202,4
D13_DT_D_std_score,1279,4
D14_DT_D_min_max,220,4
D14_DT_D_std_score,1119,4
D15_DT_D_min_max,885,4
D15_DT_D_std_score,2687,4
D3_DT_W_min_max,474,4
D3_DT_W_std_score,588,4
D4_DT_W_min_max,567,4
D4_DT_W_std_score,1715,4
D5_DT_W_min_max,261,4
D5_DT_W_std_score,453,4
D6_DT_W_min_max,86,4
D6_DT_W_std_score,674,4
D7_DT_W_min_max,62,4
D7_DT_W_std_score,156,4
D8_DT_W_min_max,469,4
D8_DT_W_std_score,1919,4
D10_DT_W_min_max,583,4
D10_DT_W_std_score,1920,4
D11_DT_W_min_max,331,4
D11_DT_W_std_score,1103,4
D12_DT_W_min_max,83,4
D12_DT_W_std_score,557,4
D13_DT_W_min_max,154,4
D13_DT_W_std_score,1036,4
D14_DT_W_min_max,199,4
D14_DT_W_std_score,812,4
D15_DT_W_min_max,911,4
D15_DT_W_std_score,2110,4
D3_DT_M_min_max,392,4
D3_DT_M_std_score,584,4
D4_DT_M_min_max,404,4
D4_DT_M_std_score,1086,4
D5_DT_M_min_max,216,4
D5_DT_M_std_score,320,4
D6_DT_M_min_max,70,4
D6_DT_M_std_score,348,4
D7_DT_M_min_max,70,4
D7_DT_M_std_score,89,4
D8_DT_M_min_max,427,4
D8_DT_M_std_score,1128,4
D10_DT_M_min_max,444,4
D10_DT_M_std_score,1250,4
D11_DT_M_min_max,253,4
D11_DT_M_std_score,755,4
D12_DT_M_min_max,62,4
D12_DT_M_std_score,326,4
D13_DT_M_min_max,78,4
D13_DT_M_std_score,426,4
D14_DT_M_min_max,122,4
D14_DT_M_std_score,463,4
D15_DT_M_min_max,731,4
D15_DT_M_std_score,1525,4
D1_scaled,1565,4
D2_scaled,2037,4
TransactionAmt_check,42,4
card1_TransactionAmt_mean,1520,4
card1_TransactionAmt_std,1613,4
card2_TransactionAmt_mean,1761,4
card2_TransactionAmt_std,1699,4
card3_TransactionAmt_mean,68,4
card3_TransactionAmt_std,30,4
card5_TransactionAmt_mean,397,4
card5_TransactionAmt_std,316,4
uid_TransactionAmt_mean,708,4
uid_TransactionAmt_std,921,4
uid2_TransactionAmt_mean,858,4
uid2_TransactionAmt_std,911,4
uid3_TransactionAmt_mean,1888,4
uid3_TransactionAmt_std,1941,4
uid4_TransactionAmt_mean,2323,4
uid4_TransactionAmt_std,3006,4
uid5_TransactionAmt_mean,1824,4
uid5_TransactionAmt_std,2075,4
bank_type_TransactionAmt_mean,130,4
bank_type_TransactionAmt_std,98,4
TransactionAmt_DT_D_min_max,2318,4
TransactionAmt_DT_D_std_score,2317,4
TransactionAmt_DT_W_min_max,2067,4
TransactionAmt_DT_W_std_score,1935,4
TransactionAmt_DT_M_min_max,1513,4
TransactionAmt_DT_M_std_score,1729,4
product_type,1926,4
product_type_DT_D,3189,4
product_type_DT_W,2508,4
product_type_DT_M,2480,4
C1_fq_enc,1629,4
C2_fq_enc,791,4
C3_fq_enc,99,4
C4_fq_enc,87,4
C5_fq_enc,262,4
C6_fq_enc,854,4
C7_fq_enc,57,4
C8_fq_enc,288,4
C9_fq_enc,540,4
C10_fq_enc,184,4
C11_fq_enc,912,4
C12_fq_enc,201,4
C13_fq_enc,1442,4
C14_fq_enc,923,4
id_01,820,4
id_02,2501,4
id_03,425,4
id_04,163,4
id_05,1070,4
id_06,912,4
id_07,204,4
id_08,66,4
id_09,382,4
id_10,55,4
id_11,158,4
id_12,6,4
id_13,696,4
id_14,373,4
id_15,164,4
id_16,46,4
id_17,209,4
id_18,394,4
id_19,1191,4
id_20,2204,4
id_21,73,4
id_22,1,4
id_23,26,4
id_24,13,4
id_25,56,4
id_26,20,4
id_27,0,4
id_28,24,4
id_29,7,4
id_30,262,4
id_31,1531,4
id_32,167,4
id_33,456,4
id_34,57,4
id_35,4,4
id_36,48,4
id_37,57,4
id_38,176,4
DeviceType,302,4
DeviceInfo,1156,4
id_33_0,274,4
id_33_1,539,4
DeviceInfo_device,1074,4
DeviceInfo_version,770,4
id_30_device,79,4
id_30_version,323,4
id_31_device,675,4
TransactionAmt,1754,5
ProductCD,500,5
card1,3281,5
card2,2236,5
card3,66,5
card4,260,5
card5,442,5
card6,435,5
addr1,2756,5
addr2,26,5
dist1,2185,5
dist2,878,5
P_emaildomain,3469,5
R_emaildomain,1235,5
C1,1836,5
C2,1130,5
C3,197,5
C4,210,5
C5,422,5
C6,1093,5
C7,112,5
C8,445,5
C9,701,5
C10,383,5
C11,1221,5
C12,515,5
C13,2891,5
C14,1471,5
D1,787,5
D2,845,5
D3,251,5
D4,472,5
D5,198,5
D6,150,5
D7,41,5
D8,474,5
D9,554,5
D10,443,5
D11,304,5
D12,105,5
D13,45,5
D14,122,5
D15,647,5
M1,12,5
M2,306,5
M3,564,5
M4,1120,5
M5,1293,5
M6,1092,5
M7,267,5
M8,240,5
M9,312,5
V1,2,5
V2,57,5
V3,40,5
V4,113,5
V5,171,5
V6,61,5
V7,92,5
V8,81,5
V9,15,5
V10,122,5
V11,93,5
V12,178,5
V13,212,5
V14,2,5
V15,4,5
V16,2,5
V17,7,5
V18,15,5
V19,182,5
V20,272,5
V21,3,5
V22,5,5
V23,86,5
V24,109,5
V25,50,5
V26,70,5
V27,0,5
V28,0,5
V29,196,5
V30,116,5
V31,1,5
V32,7,5
V33,46,5
V34,36,5
V35,181,5
V36,185,5
V37,195,5
V38,297,5
V39,66,5
V40,92,5
V41,0,5
V42,56,5
V43,73,5
V44,280,5
V45,620,5
V46,19,5
V47,106,5
V48,248,5
V49,192,5
V50,2,5
V51,39,5
V52,108,5
V53,301,5
V54,405,5
V55,287,5
V56,221,5
V57,30,5
V58,91,5
V59,55,5
V60,104,5
V61,269,5
V62,544,5
V63,33,5
V64,128,5
V65,0,5
V66,142,5
V67,330,5
V68,0,5
V69,179,5
V70,324,5
V71,7,5
V72,51,5
V73,25,5
V74,119,5
V75,283,5
V76,376,5
V77,218,5
V78,325,5
V79,101,5
V80,38,5
V81,137,5
V82,396,5
V83,564,5
V84,6,5
V85,89,5
V86,236,5
V87,703,5
V88,0,5
V89,0,5
V90,220,5
V91,243,5
V92,8,5
V93,29,5
V94,72,5
V95,10,5
V96,77,5
V97,18,5
V98,8,5
V99,172,5
V100,12,5
V101,6,5
V102,103,5
V103,11,5
V104,7,5
V105,47,5
V106,11,5
V107,0,5
V108,46,5
V109,67,5
V110,13,5
V111,4,5
V112,16,5
V113,1,5
V114,6,5
V115,50,5
V116,7,5
V117,0,5
V118,2,5
V119,0,5
V120,0,5
V121,1,5
V122,0,5
V123,30,5
V124,84,5
V125,42,5
V126,109,5
V127,295,5
V128,140,5
V129,130,5
V130,304,5
V131,203,5
V132,64,5
V133,175,5
V134,58,5
V135,73,5
V136,206,5
V137,84,5
V138,3,5
V139,183,5
V140,63,5
V141,11,5
V142,3,5
V143,250,5
V144,9,5
V145,90,5
V146,52,5
V147,86,5
V148,22,5
V149,266,5
V150,93,5
V151,25,5
V152,187,5
V153,17,5
V154,48,5
V155,15,5
V156,262,5
V157,10,5
V158,23,5
V159,44,5
V160,87,5
V161,55,5
V162,85,5
V163,18,5
V164,123,5
V165,346,5
V166,58,5
V167,20,5
V168,29,5
V169,163,5
V170,71,5
V171,53,5
V172,60,5
V173,18,5
V174,13,5
V175,22,5
V176,36,5
V177,12,5
V178,43,5
V179,13,5
V180,34,5
V181,12,5
V182,37,5
V183,14,5
V184,41,5
V185,18,5
V186,31,5
V187,314,5
V188,45,5
V189,158,5
V190,20,5
V191,16,5
V192,35,5
V193,19,5
V194,18,5
V195,18,5
V196,7,5
V197,92,5
V198,35,5
V199,43,5
V200,72,5
V201,106,5
V202,65,5
V203,126,5
V204,71,5
V205,112,5
V206,100,5
V207,225,5
V208,148,5
V209,187,5
V210,105,5
V211,41,5
V212,84,5
V213,46,5
V214,69,5
V215,108,5
V216,93,5
V217,80,5
V218,66,5
V219,70,5
V220,233,5
V221,126,5
V222,69,5
V223,73,5
V224,39,5
V225,37,5
V226,23,5
V227,16,5
V228,26,5
V229,61,5
V230,45,5
V231,32,5
V232,51,5
V233,37,5
V234,93,5
V235,17,5
V236,15,5
V237,20,5
V238,31,5
V239,50,5
V240,0,5
V241,0,5
V242,45,5
V243,176,5
V244,53,5
V245,117,5
V246,41,5
V247,51,5
V248,59,5
V249,41,5
V250,36,5
V251,69,5
V252,13,5
V253,61,5
V254,21,5
V255,34,5
V256,224,5
V257,142,5
V258,392,5
V259,145,5
V260,51,5
V261,215,5
V262,82,5
V263,82,5
V264,174,5
V265,107,5
V266,237,5
V267,211,5
V268,102,5
V269,0,5
V270,103,5
V271,200,5
V272,79,5
V273,55,5
V274,142,5
V275,59,5
V276,115,5
V277,186,5
V278,111,5
V279,119,5
V280,69,5
V281,325,5
V282,197,5
V283,344,5
V284,8,5
V285,250,5
V286,33,5
V287,32,5
V288,36,5
V289,81,5
V290,70,5
V291,116,5
V292,58,5
V293,127,5
V294,306,5
V295,34,5
V296,245,5
V297,7,5
V298,65,5
V299,8,5
V300,58,5
V301,82,5
V302,1,5
V303,27,5
V304,11,5
V305,0,5
V306,88,5
V307,684,5
V308,351,5
V309,146,5
V310,627,5
V311,196,5
V312,307,5
V313,618,5
V314,398,5
V315,454,5
V316,98,5
V317,374,5
V318,84,5
V319,50,5
V320,272,5
V321,88,5
V322,16,5
V323,125,5
V324,69,5
V325,2,5
V326,29,5
V327,8,5
V328,4,5
V329,23,5
V330,14,5
V331,27,5
V332,81,5
V333,62,5
V334,7,5
V335,46,5
V336,31,5
V337,25,5
V338,40,5
V339,36,5
is_december,470,5
is_holiday,28,5
card1_fq_enc,1237,5
card2_fq_enc,1677,5
card3_fq_enc,67,5
card5_fq_enc,129,5
uid_fq_enc,910,5
uid2_fq_enc,949,5
uid3_fq_enc,1130,5
uid4_fq_enc,1606,5
uid5_fq_enc,1184,5
card3_DT_D_hour_dist,1851,5
card3_DT_W_week_day_dist,1542,5
card3_DT_M_month_day_dist,1501,5
card3_DT_D_hour_dist_best,1635,5
card3_DT_W_week_day_dist_best,705,5
card3_DT_M_month_day_dist_best,1807,5
card5_DT_D_hour_dist,1661,5
card5_DT_W_week_day_dist,1483,5
card5_DT_M_month_day_dist,1600,5
card5_DT_D_hour_dist_best,1391,5
card5_DT_W_week_day_dist_best,822,5
card5_DT_M_month_day_dist_best,2031,5
bank_type_DT_D_hour_dist,1498,5
bank_type_DT_W_week_day_dist,1364,5
bank_type_DT_M_month_day_dist,1321,5
bank_type_DT_D_hour_dist_best,1056,5
bank_type_DT_W_week_day_dist_best,615,5
bank_type_DT_M_month_day_dist_best,1559,5
bank_type_DT_M,1240,5
bank_type_DT_W,1374,5
bank_type_DT_D,1619,5
uid_D1_mean,597,5
uid_D1_std,727,5
uid2_D1_mean,533,5
uid2_D1_std,664,5
uid3_D1_mean,931,5
uid3_D1_std,1156,5
uid4_D1_mean,1348,5
uid4_D1_std,1852,5
uid5_D1_mean,981,5
uid5_D1_std,1299,5
bank_type_D1_mean,105,5
bank_type_D1_std,110,5
uid_D2_mean,1193,5
uid_D2_std,1306,5
uid2_D2_mean,926,5
uid2_D2_std,1188,5
uid3_D2_mean,1694,5
uid3_D2_std,1714,5
uid4_D2_mean,2615,5
uid4_D2_std,3010,5
uid5_D2_mean,1889,5
uid5_D2_std,1924,5
bank_type_D2_mean,198,5
bank_type_D2_std,334,5
uid_D3_mean,1271,5
uid_D3_std,1213,5
uid2_D3_mean,1183,5
uid2_D3_std,1031,5
uid3_D3_mean,1907,5
uid3_D3_std,1809,5
uid4_D3_mean,2936,5
uid4_D3_std,2402,5
uid5_D3_mean,2110,5
uid5_D3_std,2180,5
bank_type_D3_mean,423,5
bank_type_D3_std,343,5
uid_D4_mean,735,5
uid_D4_std,881,5
uid2_D4_mean,614,5
uid2_D4_std,804,5
uid3_D4_mean,1329,5
uid3_D4_std,1441,5
uid4_D4_mean,2252,5
uid4_D4_std,1977,5
uid5_D4_mean,1522,5
uid5_D4_std,1619,5
bank_type_D4_mean,160,5
bank_type_D4_std,123,5
uid_D5_mean,1479,5
uid_D5_std,1489,5
uid2_D5_mean,1402,5
uid2_D5_std,1322,5
uid3_D5_mean,2009,5
uid3_D5_std,2116,5
uid4_D5_mean,2803,5
uid4_D5_std,2554,5
uid5_D5_mean,2217,5
uid5_D5_std,2227,5
bank_type_D5_mean,209,5
bank_type_D5_std,295,5
uid_D6_mean,1620,5
uid_D6_std,1269,5
uid2_D6_mean,1443,5
uid2_D6_std,1105,5
uid3_D6_mean,1854,5
uid3_D6_std,1452,5
uid4_D6_mean,1141,5
uid4_D6_std,1089,5
uid5_D6_mean,296,5
uid5_D6_std,287,5
bank_type_D6_mean,304,5
bank_type_D6_std,247,5
uid_D7_mean,1547,5
uid_D7_std,1873,5
uid2_D7_mean,1376,5
uid2_D7_std,1414,5
uid3_D7_mean,1925,5
uid3_D7_std,1712,5
uid4_D7_mean,1352,5
uid4_D7_std,1166,5
uid5_D7_mean,462,5
uid5_D7_std,325,5
bank_type_D7_mean,273,5
bank_type_D7_std,223,5
uid_D8_mean,1939,5
uid_D8_std,923,5
uid2_D8_mean,1601,5
uid2_D8_std,882,5
uid3_D8_mean,2670,5
uid3_D8_std,1183,5
uid4_D8_mean,2484,5
uid4_D8_std,1431,5
uid5_D8_mean,2536,5
uid5_D8_std,1570,5
bank_type_D8_mean,310,5
bank_type_D8_std,68,5
uid_D9_mean,1757,5
uid_D9_std,1925,5
uid2_D9_mean,1717,5
uid2_D9_std,1528,5
uid3_D9_mean,2675,5
uid3_D9_std,2418,5
uid4_D9_mean,2913,5
uid4_D9_std,1893,5
uid5_D9_mean,2306,5
uid5_D9_std,2118,5
bank_type_D9_mean,232,5
bank_type_D9_std,231,5
uid_D10_mean,779,5
uid_D10_std,870,5
uid2_D10_mean,663,5
uid2_D10_std,796,5
uid3_D10_mean,1095,5
uid3_D10_std,1174,5
uid4_D10_mean,1581,5
uid4_D10_std,1611,5
uid5_D10_mean,1229,5
uid5_D10_std,1178,5
bank_type_D10_mean,160,5
bank_type_D10_std,169,5
uid_D11_mean,1007,5
uid_D11_std,1104,5
uid2_D11_mean,878,5
uid2_D11_std,1056,5
uid3_D11_mean,1252,5
uid3_D11_std,1388,5
uid4_D11_mean,2257,5
uid4_D11_std,2411,5
uid5_D11_mean,1209,5
uid5_D11_std,1041,5
bank_type_D11_mean,154,5
bank_type_D11_std,177,5
uid_D12_mean,1106,5
uid_D12_std,1150,5
uid2_D12_mean,923,5
uid2_D12_std,923,5
uid3_D12_mean,258,5
uid3_D12_std,304,5
uid4_D12_mean,251,5
uid4_D12_std,300,5
uid5_D12_mean,142,5
uid5_D12_std,141,5
bank_type_D12_mean,379,5
bank_type_D12_std,461,5
uid_D13_mean,1119,5
uid_D13_std,1196,5
uid2_D13_mean,1058,5
uid2_D13_std,1152,5
uid3_D13_mean,1114,5
uid3_D13_std,1261,5
uid4_D13_mean,722,5
uid4_D13_std,833,5
uid5_D13_mean,632,5
uid5_D13_std,646,5
bank_type_D13_mean,337,5
bank_type_D13_std,317,5
uid_D14_mean,1282,5
uid_D14_std,1440,5
uid2_D14_mean,1134,5
uid2_D14_std,1317,5
uid3_D14_mean,1654,5
uid3_D14_std,1644,5
uid4_D14_mean,1172,5
uid4_D14_std,1255,5
uid5_D14_mean,1049,5
uid5_D14_std,942,5
bank_type_D14_mean,242,5
bank_type_D14_std,304,5
uid_D15_mean,676,5
uid_D15_std,696,5
uid2_D15_mean,696,5
uid2_D15_std,700,5
uid3_D15_mean,1150,5
uid3_D15_std,1080,5
uid4_D15_mean,1894,5
uid4_D15_std,1768,5
uid5_D15_mean,1339,5
uid5_D15_std,1291,5
bank_type_D15_mean,96,5
bank_type_D15_std,130,5
D9_not_na,2,5
D8_not_same_day,3,5
D8_D9_decimal_dist,436,5
D3_DT_D_min_max,548,5
D3_DT_D_std_score,763,5
D4_DT_D_min_max,827,5
D4_DT_D_std_score,2308,5
D5_DT_D_min_max,302,5
D5_DT_D_std_score,564,5
D6_DT_D_min_max,132,5
D6_DT_D_std_score,977,5
D7_DT_D_min_max,60,5
D7_DT_D_std_score,336,5
D8_DT_D_min_max,654,5
D8_DT_D_std_score,2695,5
D10_DT_D_min_max,584,5
D10_DT_D_std_score,2599,5
D11_DT_D_min_max,396,5
D11_DT_D_std_score,1266,5
D12_DT_D_min_max,142,5
D12_DT_D_std_score,956,5
D13_DT_D_min_max,155,5
D13_DT_D_std_score,1260,5
D14_DT_D_min_max,216,5
D14_DT_D_std_score,1221,5
D15_DT_D_min_max,858,5
D15_DT_D_std_score,2598,5
D3_DT_W_min_max,422,5
D3_DT_W_std_score,541,5
D4_DT_W_min_max,468,5
D4_DT_W_std_score,1785,5
D5_DT_W_min_max,260,5
D5_DT_W_std_score,447,5
D6_DT_W_min_max,74,5
D6_DT_W_std_score,657,5
D7_DT_W_min_max,59,5
D7_DT_W_std_score,156,5
D8_DT_W_min_max,474,5
D8_DT_W_std_score,1935,5
D10_DT_W_min_max,630,5
D10_DT_W_std_score,1949,5
D11_DT_W_min_max,260,5
D11_DT_W_std_score,1057,5
D12_DT_W_min_max,95,5
D12_DT_W_std_score,614,5
D13_DT_W_min_max,117,5
D13_DT_W_std_score,1070,5
D14_DT_W_min_max,209,5
D14_DT_W_std_score,804,5
D15_DT_W_min_max,960,5
D15_DT_W_std_score,2277,5
D3_DT_M_min_max,391,5
D3_DT_M_std_score,545,5
D4_DT_M_min_max,386,5
D4_DT_M_std_score,1030,5
D5_DT_M_min_max,228,5
D5_DT_M_std_score,321,5
D6_DT_M_min_max,69,5
D6_DT_M_std_score,376,5
D7_DT_M_min_max,37,5
D7_DT_M_std_score,95,5
D8_DT_M_min_max,382,5
D8_DT_M_std_score,1138,5
D10_DT_M_min_max,445,5
D10_DT_M_std_score,1240,5
D11_DT_M_min_max,269,5
D11_DT_M_std_score,644,5
D12_DT_M_min_max,55,5
D12_DT_M_std_score,294,5
D13_DT_M_min_max,82,5
D13_DT_M_std_score,381,5
D14_DT_M_min_max,150,5
D14_DT_M_std_score,483,5
D15_DT_M_min_max,687,5
D15_DT_M_std_score,1542,5
D1_scaled,1607,5
D2_scaled,2154,5
TransactionAmt_check,61,5
card1_TransactionAmt_mean,1472,5
card1_TransactionAmt_std,1587,5
card2_TransactionAmt_mean,1793,5
card2_TransactionAmt_std,1755,5
card3_TransactionAmt_mean,74,5
card3_TransactionAmt_std,21,5
card5_TransactionAmt_mean,376,5
card5_TransactionAmt_std,268,5
uid_TransactionAmt_mean,655,5
uid_TransactionAmt_std,862,5
uid2_TransactionAmt_mean,837,5
uid2_TransactionAmt_std,920,5
uid3_TransactionAmt_mean,1851,5
uid3_TransactionAmt_std,2026,5
uid4_TransactionAmt_mean,2267,5
uid4_TransactionAmt_std,3139,5
uid5_TransactionAmt_mean,1838,5
uid5_TransactionAmt_std,2128,5
bank_type_TransactionAmt_mean,105,5
bank_type_TransactionAmt_std,111,5
TransactionAmt_DT_D_min_max,2233,5
TransactionAmt_DT_D_std_score,2338,5
TransactionAmt_DT_W_min_max,2026,5
TransactionAmt_DT_W_std_score,1922,5
TransactionAmt_DT_M_min_max,1403,5
TransactionAmt_DT_M_std_score,1824,5
product_type,1918,5
product_type_DT_D,3131,5
product_type_DT_W,2527,5
product_type_DT_M,2453,5
C1_fq_enc,1622,5
C2_fq_enc,751,5
C3_fq_enc,94,5
C4_fq_enc,82,5
C5_fq_enc,270,5
C6_fq_enc,865,5
C7_fq_enc,46,5
C8_fq_enc,250,5
C9_fq_enc,561,5
C10_fq_enc,203,5
C11_fq_enc,879,5
C12_fq_enc,164,5
C13_fq_enc,1566,5
C14_fq_enc,961,5
id_01,975,5
id_02,2339,5
id_03,418,5
id_04,125,5
id_05,1032,5
id_06,962,5
id_07,185,5
id_08,63,5
id_09,406,5
id_10,38,5
id_11,178,5
id_12,3,5
id_13,697,5
id_14,445,5
id_15,154,5
id_16,54,5
id_17,167,5
id_18,442,5
id_19,1255,5
id_20,2056,5
id_21,119,5
id_22,1,5
id_23,18,5
id_24,23,5
id_25,73,5
id_26,18,5
id_27,1,5
id_28,18,5
id_29,6,5
id_30,290,5
id_31,1554,5
id_32,136,5
id_33,396,5
id_34,58,5
id_35,1,5
id_36,83,5
id_37,52,5
id_38,154,5
DeviceType,276,5
DeviceInfo,1052,5
id_33_0,292,5
id_33_1,561,5
DeviceInfo_device,1094,5
DeviceInfo_version,701,5
id_30_device,104,5
id_30_version,309,5
id_31_device,687,5
TransactionAmt,1831,6
ProductCD,515,6
card1,3265,6
card2,2343,6
card3,69,6
card4,255,6
card5,388,6
card6,439,6
addr1,2800,6
addr2,42,6
dist1,2052,6
dist2,916,6
P_emaildomain,3379,6
R_emaildomain,1179,6
C1,1857,6
C2,1176,6
C3,177,6
C4,174,6
C5,408,6
C6,1155,6
C7,88,6
C8,504,6
C9,770,6
C10,435,6
C11,1187,6
C12,511,6
C13,2994,6
C14,1439,6
D1,769,6
D2,929,6
D3,229,6
D4,473,6
D5,208,6
D6,141,6
D7,32,6
D8,543,6
D9,545,6
D10,508,6
D11,334,6
D12,109,6
D13,34,6
D14,142,6
D15,708,6
M1,15,6
M2,278,6
M3,605,6
M4,1167,6
M5,1287,6
M6,1099,6
M7,230,6
M8,254,6
M9,343,6
V1,0,6
V2,52,6
V3,56,6
V4,126,6
V5,164,6
V6,71,6
V7,76,6
V8,51,6
V9,12,6
V10,111,6
V11,84,6
V12,217,6
V13,216,6
V14,0,6
V15,6,6
V16,10,6
V17,17,6
V18,9,6
V19,167,6
V20,263,6
V21,2,6
V22,4,6
V23,63,6
V24,134,6
V25,66,6
V26,60,6
V27,0,6
V28,0,6
V29,218,6
V30,161,6
V31,4,6
V32,6,6
V33,47,6
V34,30,6
V35,168,6
V36,173,6
V37,204,6
V38,296,6
V39,42,6
V40,93,6
V41,0,6
V42,49,6
V43,68,6
V44,239,6
V45,651,6
V46,21,6
V47,121,6
V48,292,6
V49,192,6
V50,5,6
V51,47,6
V52,77,6
V53,334,6
V54,408,6
V55,262,6
V56,211,6
V57,23,6
V58,133,6
V59,41,6
V60,88,6
V61,288,6
V62,507,6
V63,50,6
V64,130,6
V65,0,6
V66,141,6
V67,337,6
V68,0,6
V69,175,6
V70,301,6
V71,10,6
V72,54,6
V73,40,6
V74,118,6
V75,252,6
V76,367,6
V77,177,6
V78,362,6
V79,115,6
V80,33,6
V81,127,6
V82,366,6
V83,562,6
V84,9,6
V85,87,6
V86,255,6
V87,691,6
V88,0,6
V89,0,6
V90,247,6
V91,213,6
V92,10,6
V93,36,6
V94,84,6
V95,8,6
V96,76,6
V97,24,6
V98,8,6
V99,149,6
V100,9,6
V101,15,6
V102,61,6
V103,12,6
V104,4,6
V105,47,6
V106,10,6
V107,0,6
V108,32,6
V109,46,6
V110,10,6
V111,11,6
V112,15,6
V113,3,6
V114,10,6
V115,46,6
V116,18,6
V117,0,6
V118,1,6
V119,0,6
V120,0,6
V121,2,6
V122,0,6
V123,22,6
V124,72,6
V125,19,6
V126,115,6
V127,271,6
V128,142,6
V129,181,6
V130,316,6
V131,190,6
V132,53,6
V133,164,6
V134,75,6
V135,68,6
V136,176,6
V137,67,6
V138,10,6
V139,171,6
V140,62,6
V141,6,6
V142,0,6
V143,260,6
V144,18,6
V145,42,6
V146,53,6
V147,64,6
V148,21,6
V149,283,6
V150,56,6
V151,33,6
V152,209,6
V153,19,6
V154,57,6
V155,20,6
V156,253,6
V157,7,6
V158,16,6
V159,43,6
V160,90,6
V161,28,6
V162,64,6
V163,24,6
V164,89,6
V165,354,6
V166,62,6
V167,31,6
V168,36,6
V169,133,6
V170,71,6
V171,60,6
V172,60,6
V173,16,6
V174,21,6
V175,13,6
V176,40,6
V177,22,6
V178,53,6
V179,23,6
V180,46,6
V181,13,6
V182,36,6
V183,18,6
V184,48,6
V185,16,6
V186,23,6
V187,295,6
V188,59,6
V189,183,6
V190,27,6
V191,20,6
V192,45,6
V193,23,6
V194,22,6
V195,11,6
V196,9,6
V197,82,6
V198,43,6
V199,45,6
V200,72,6
V201,113,6
V202,72,6
V203,157,6
V204,66,6
V205,137,6
V206,92,6
V207,187,6
V208,196,6
V209,206,6
V210,91,6
V211,46,6
V212,86,6
V213,58,6
V214,47,6
V215,154,6
V216,84,6
V217,74,6
V218,74,6
V219,53,6
V220,283,6
V221,110,6
V222,77,6
V223,84,6
V224,52,6
V225,34,6
V226,43,6
V227,33,6
V228,27,6
V229,59,6
V230,41,6
V231,27,6
V232,48,6
V233,26,6
V234,99,6
V235,13,6
V236,15,6
V237,22,6
V238,35,6
V239,52,6
V240,1,6
V241,0,6
V242,29,6
V243,193,6
V244,56,6
V245,140,6
V246,38,6
V247,27,6
V248,68,6
V249,33,6
V250,30,6
V251,89,6
V252,11,6
V253,68,6
V254,24,6
V255,26,6
V256,200,6
V257,166,6
V258,332,6
V259,138,6
V260,41,6
V261,226,6
V262,96,6
V263,74,6
V264,157,6
V265,103,6
V266,222,6
V267,173,6
V268,126,6
V269,5,6
V270,120,6
V271,165,6
V272,78,6
V273,68,6
V274,124,6
V275,65,6
V276,74,6
V277,171,6
V278,121,6
V279,133,6
V280,60,6
V281,338,6
V282,155,6
V283,368,6
V284,6,6
V285,232,6
V286,26,6
V287,29,6
V288,34,6
V289,97,6
V290,73,6
V291,131,6
V292,74,6
V293,126,6
V294,329,6
V295,40,6
V296,192,6
V297,11,6
V298,54,6
V299,16,6
V300,55,6
V301,56,6
V302,1,6
V303,29,6
V304,14,6
V305,0,6
V306,116,6
V307,709,6
V308,329,6
V309,139,6
V310,590,6
V311,220,6
V312,265,6
V313,605,6
V314,386,6
V315,501,6
V316,88,6
V317,372,6
V318,96,6
V319,38,6
V320,276,6
V321,76,6
V322,25,6
V323,107,6
V324,70,6
V325,2,6
V326,30,6
V327,14,6
V328,3,6
V329,19,6
V330,8,6
V331,21,6
V332,82,6
V333,64,6
V334,11,6
V335,48,6
V336,35,6
V337,26,6
V338,57,6
V339,39,6
is_december,490,6
is_holiday,45,6
card1_fq_enc,1246,6
card2_fq_enc,1610,6
card3_fq_enc,54,6
card5_fq_enc,138,6
uid_fq_enc,913,6
uid2_fq_enc,996,6
uid3_fq_enc,1192,6
uid4_fq_enc,1686,6
uid5_fq_enc,1210,6
card3_DT_D_hour_dist,1912,6
card3_DT_W_week_day_dist,1575,6
card3_DT_M_month_day_dist,1432,6
card3_DT_D_hour_dist_best,1789,6
card3_DT_W_week_day_dist_best,742,6
card3_DT_M_month_day_dist_best,1879,6
card5_DT_D_hour_dist,1641,6
card5_DT_W_week_day_dist,1482,6
card5_DT_M_month_day_dist,1538,6
card5_DT_D_hour_dist_best,1363,6
card5_DT_W_week_day_dist_best,781,6
card5_DT_M_month_day_dist_best,2035,6
bank_type_DT_D_hour_dist,1411,6
bank_type_DT_W_week_day_dist,1409,6
bank_type_DT_M_month_day_dist,1390,6
bank_type_DT_D_hour_dist_best,1074,6
bank_type_DT_W_week_day_dist_best,564,6
bank_type_DT_M_month_day_dist_best,1520,6
bank_type_DT_M,1186,6
bank_type_DT_W,1350,6
bank_type_DT_D,1618,6
uid_D1_mean,706,6
uid_D1_std,700,6
uid2_D1_mean,535,6
uid2_D1_std,603,6
uid3_D1_mean,883,6
uid3_D1_std,1050,6
uid4_D1_mean,1364,6
uid4_D1_std,1862,6
uid5_D1_mean,1020,6
uid5_D1_std,1364,6
bank_type_D1_mean,119,6
bank_type_D1_std,71,6
uid_D2_mean,1170,6
uid_D2_std,1238,6
uid2_D2_mean,1055,6
uid2_D2_std,1225,6
uid3_D2_mean,1730,6
uid3_D2_std,1680,6
uid4_D2_mean,2597,6
uid4_D2_std,3017,6
uid5_D2_mean,1911,6
uid5_D2_std,1949,6
bank_type_D2_mean,167,6
bank_type_D2_std,314,6
uid_D3_mean,1180,6
uid_D3_std,1313,6
uid2_D3_mean,1206,6
uid2_D3_std,1102,6
uid3_D3_mean,1841,6
uid3_D3_std,1755,6
uid4_D3_mean,2828,6
uid4_D3_std,2550,6
uid5_D3_mean,2210,6
uid5_D3_std,2075,6
bank_type_D3_mean,373,6
bank_type_D3_std,363,6
uid_D4_mean,772,6
uid_D4_std,949,6
uid2_D4_mean,645,6
uid2_D4_std,741,6
uid3_D4_mean,1291,6
uid3_D4_std,1404,6
uid4_D4_mean,2222,6
uid4_D4_std,2103,6
uid5_D4_mean,1503,6
uid5_D4_std,1639,6
bank_type_D4_mean,147,6
bank_type_D4_std,85,6
uid_D5_mean,1435,6
uid_D5_std,1459,6
uid2_D5_mean,1407,6
uid2_D5_std,1343,6
uid3_D5_mean,2050,6
uid3_D5_std,2090,6
uid4_D5_mean,2861,6
uid4_D5_std,2442,6
uid5_D5_mean,2177,6
uid5_D5_std,2156,6
bank_type_D5_mean,229,6
bank_type_D5_std,301,6
uid_D6_mean,1558,6
uid_D6_std,1289,6
uid2_D6_mean,1357,6
uid2_D6_std,1076,6
uid3_D6_mean,1836,6
uid3_D6_std,1482,6
uid4_D6_mean,1075,6
uid4_D6_std,1238,6
uid5_D6_mean,311,6
uid5_D6_std,298,6
bank_type_D6_mean,284,6
bank_type_D6_std,209,6
uid_D7_mean,1595,6
uid_D7_std,1801,6
uid2_D7_mean,1293,6
uid2_D7_std,1503,6
uid3_D7_mean,1890,6
uid3_D7_std,1679,6
uid4_D7_mean,1400,6
uid4_D7_std,1129,6
uid5_D7_mean,463,6
uid5_D7_std,377,6
bank_type_D7_mean,262,6
bank_type_D7_std,205,6
uid_D8_mean,1925,6
uid_D8_std,1000,6
uid2_D8_mean,1594,6
uid2_D8_std,822,6
uid3_D8_mean,2659,6
uid3_D8_std,1346,6
uid4_D8_mean,2374,6
uid4_D8_std,1472,6
uid5_D8_mean,2447,6
uid5_D8_std,1640,6
bank_type_D8_mean,294,6
bank_type_D8_std,69,6
uid_D9_mean,1722,6
uid_D9_std,1865,6
uid2_D9_mean,1653,6
uid2_D9_std,1658,6
uid3_D9_mean,2501,6
uid3_D9_std,2291,6
uid4_D9_mean,3146,6
uid4_D9_std,1899,6
uid5_D9_mean,2341,6
uid5_D9_std,2130,6
bank_type_D9_mean,234,6
bank_type_D9_std,205,6
uid_D10_mean,793,6
uid_D10_std,861,6
uid2_D10_mean,705,6
uid2_D10_std,774,6
uid3_D10_mean,963,6
uid3_D10_std,1127,6
uid4_D10_mean,1642,6
uid4_D10_std,1670,6
uid5_D10_mean,1257,6
uid5_D10_std,1330,6
bank_type_D10_mean,145,6
bank_type_D10_std,152,6
uid_D11_mean,1010,6
uid_D11_std,1144,6
uid2_D11_mean,856,6
uid2_D11_std,999,6
uid3_D11_mean,1292,6
uid3_D11_std,1242,6
uid4_D11_mean,2252,6
uid4_D11_std,2228,6
uid5_D11_mean,1307,6
uid5_D11_std,1155,6
bank_type_D11_mean,153,6
bank_type_D11_std,201,6
uid_D12_mean,1111,6
uid_D12_std,1105,6
uid2_D12_mean,961,6
uid2_D12_std,936,6
uid3_D12_mean,266,6
uid3_D12_std,268,6
uid4_D12_mean,275,6
uid4_D12_std,235,6
uid5_D12_mean,163,6
uid5_D12_std,149,6
bank_type_D12_mean,437,6
bank_type_D12_std,556,6
uid_D13_mean,1108,6
uid_D13_std,1241,6
uid2_D13_mean,1112,6
uid2_D13_std,1115,6
uid3_D13_mean,1141,6
uid3_D13_std,1206,6
uid4_D13_mean,790,6
uid4_D13_std,761,6
uid5_D13_mean,603,6
uid5_D13_std,736,6
bank_type_D13_mean,358,6
bank_type_D13_std,355,6
uid_D14_mean,1207,6
uid_D14_std,1479,6
uid2_D14_mean,1111,6
uid2_D14_std,1336,6
uid3_D14_mean,1552,6
uid3_D14_std,1682,6
uid4_D14_mean,1145,6
uid4_D14_std,1228,6
uid5_D14_mean,1013,6
uid5_D14_std,983,6
bank_type_D14_mean,260,6
bank_type_D14_std,315,6
uid_D15_mean,717,6
uid_D15_std,694,6
uid2_D15_mean,694,6
uid2_D15_std,726,6
uid3_D15_mean,1135,6
uid3_D15_std,1209,6
uid4_D15_mean,1744,6
uid4_D15_std,1850,6
uid5_D15_mean,1314,6
uid5_D15_std,1250,6
bank_type_D15_mean,83,6
bank_type_D15_std,109,6
D9_not_na,0,6
D8_not_same_day,7,6
D8_D9_decimal_dist,427,6
D3_DT_D_min_max,534,6
D3_DT_D_std_score,628,6
D4_DT_D_min_max,681,6
D4_DT_D_std_score,2524,6
D5_DT_D_min_max,349,6
D5_DT_D_std_score,571,6
D6_DT_D_min_max,128,6
D6_DT_D_std_score,993,6
D7_DT_D_min_max,48,6
D7_DT_D_std_score,273,6
D8_DT_D_min_max,586,6
D8_DT_D_std_score,2700,6
D10_DT_D_min_max,628,6
D10_DT_D_std_score,2645,6
D11_DT_D_min_max,410,6
D11_DT_D_std_score,1459,6
D12_DT_D_min_max,135,6
D12_DT_D_std_score,930,6
D13_DT_D_min_max,185,6
D13_DT_D_std_score,1232,6
D14_DT_D_min_max,270,6
D14_DT_D_std_score,1147,6
D15_DT_D_min_max,875,6
D15_DT_D_std_score,2706,6
D3_DT_W_min_max,488,6
D3_DT_W_std_score,567,6
D4_DT_W_min_max,541,6
D4_DT_W_std_score,1722,6
D5_DT_W_min_max,268,6
D5_DT_W_std_score,436,6
D6_DT_W_min_max,100,6
D6_DT_W_std_score,691,6
D7_DT_W_min_max,39,6
D7_DT_W_std_score,162,6
D8_DT_W_min_max,488,6
D8_DT_W_std_score,1870,6
D10_DT_W_min_max,591,6
D10_DT_W_std_score,1882,6
D11_DT_W_min_max,280,6
D11_DT_W_std_score,1001,6
D12_DT_W_min_max,104,6
D12_DT_W_std_score,556,6
D13_DT_W_min_max,128,6
D13_DT_W_std_score,991,6
D14_DT_W_min_max,195,6
D14_DT_W_std_score,729,6
D15_DT_W_min_max,887,6
D15_DT_W_std_score,2198,6
D3_DT_M_min_max,431,6
D3_DT_M_std_score,560,6
D4_DT_M_min_max,411,6
D4_DT_M_std_score,1104,6
D5_DT_M_min_max,169,6
D5_DT_M_std_score,333,6
D6_DT_M_min_max,53,6
D6_DT_M_std_score,322,6
D7_DT_M_min_max,41,6
D7_DT_M_std_score,87,6
D8_DT_M_min_max,415,6
D8_DT_M_std_score,1113,6
D10_DT_M_min_max,439,6
D10_DT_M_std_score,1340,6
D11_DT_M_min_max,249,6
D11_DT_M_std_score,755,6
D12_DT_M_min_max,59,6
D12_DT_M_std_score,275,6
D13_DT_M_min_max,56,6
D13_DT_M_std_score,404,6
D14_DT_M_min_max,134,6
D14_DT_M_std_score,466,6
D15_DT_M_min_max,700,6
D15_DT_M_std_score,1599,6
D1_scaled,1573,6
D2_scaled,2099,6
TransactionAmt_check,44,6
card1_TransactionAmt_mean,1456,6
card1_TransactionAmt_std,1531,6
card2_TransactionAmt_mean,1658,6
card2_TransactionAmt_std,1623,6
card3_TransactionAmt_mean,81,6
card3_TransactionAmt_std,33,6
card5_TransactionAmt_mean,386,6
card5_TransactionAmt_std,272,6
uid_TransactionAmt_mean,713,6
uid_TransactionAmt_std,934,6
uid2_TransactionAmt_mean,811,6
uid2_TransactionAmt_std,888,6
uid3_TransactionAmt_mean,1934,6
uid3_TransactionAmt_std,1987,6
uid4_TransactionAmt_mean,2266,6
uid4_TransactionAmt_std,2988,6
uid5_TransactionAmt_mean,1801,6
uid5_TransactionAmt_std,2110,6
bank_type_TransactionAmt_mean,100,6
bank_type_TransactionAmt_std,97,6
TransactionAmt_DT_D_min_max,2311,6
TransactionAmt_DT_D_std_score,2234,6
TransactionAmt_DT_W_min_max,2024,6
TransactionAmt_DT_W_std_score,2085,6
TransactionAmt_DT_M_min_max,1472,6
TransactionAmt_DT_M_std_score,1765,6
product_type,1912,6
product_type_DT_D,3145,6
product_type_DT_W,2613,6
product_type_DT_M,2329,6
C1_fq_enc,1569,6
C2_fq_enc,760,6
C3_fq_enc,108,6
C4_fq_enc,97,6
C5_fq_enc,289,6
C6_fq_enc,889,6
C7_fq_enc,52,6
C8_fq_enc,240,6
C9_fq_enc,539,6
C10_fq_enc,179,6
C11_fq_enc,986,6
C12_fq_enc,181,6
C13_fq_enc,1420,6
C14_fq_enc,868,6
id_01,920,6
id_02,2424,6
id_03,417,6
id_04,207,6
id_05,930,6
id_06,904,6
id_07,167,6
id_08,81,6
id_09,360,6
id_10,41,6
id_11,173,6
id_12,8,6
id_13,739,6
id_14,388,6
id_15,130,6
id_16,50,6
id_17,179,6
id_18,334,6
id_19,1217,6
id_20,2282,6
id_21,75,6
id_22,1,6
id_23,16,6
id_24,24,6
id_25,91,6
id_26,29,6
id_27,0,6
id_28,15,6
id_29,12,6
id_30,310,6
id_31,1483,6
id_32,138,6
id_33,385,6
id_34,66,6
id_35,0,6
id_36,64,6
id_37,58,6
id_38,187,6
DeviceType,255,6
DeviceInfo,1102,6
id_33_0,321,6
id_33_1,551,6
DeviceInfo_device,1140,6
DeviceInfo_version,768,6
id_30_device,95,6
id_30_version,343,6
id_31_device,652,6
TransactionAmt,1778,7
ProductCD,490,7
card1,3222,7
card2,2296,7
card3,53,7
card4,250,7
card5,356,7
card6,421,7
addr1,2672,7
addr2,17,7
dist1,2080,7
dist2,842,7
P_emaildomain,3367,7
R_emaildomain,1131,7
C1,1874,7
C2,1130,7
C3,180,7
C4,154,7
C5,456,7
C6,1074,7
C7,98,7
C8,491,7
C9,781,7
C10,378,7
C11,1251,7
C12,506,7
C13,3005,7
C14,1511,7
D1,790,7
D2,829,7
D3,249,7
D4,466,7
D5,183,7
D6,157,7
D7,51,7
D8,496,7
D9,541,7
D10,440,7
D11,291,7
D12,101,7
D13,49,7
D14,151,7
D15,623,7
M1,5,7
M2,285,7
M3,587,7
M4,1082,7
M5,1345,7
M6,1152,7
M7,245,7
M8,227,7
M9,337,7
V1,1,7
V2,48,7
V3,50,7
V4,100,7
V5,157,7
V6,48,7
V7,91,7
V8,41,7
V9,25,7
V10,107,7
V11,70,7
V12,211,7
V13,211,7
V14,0,7
V15,4,7
V16,11,7
V17,18,7
V18,15,7
V19,163,7
V20,257,7
V21,3,7
V22,7,7
V23,108,7
V24,148,7
V25,58,7
V26,60,7
V27,0,7
V28,0,7
V29,208,7
V30,183,7
V31,5,7
V32,17,7
V33,40,7
V34,46,7
V35,189,7
V36,196,7
V37,196,7
V38,341,7
V39,74,7
V40,76,7
V41,0,7
V42,46,7
V43,65,7
V44,263,7
V45,609,7
V46,28,7
V47,122,7
V48,298,7
V49,183,7
V50,3,7
V51,47,7
V52,109,7
V53,354,7
V54,387,7
V55,230,7
V56,235,7
V57,31,7
V58,136,7
V59,50,7
V60,89,7
V61,311,7
V62,560,7
V63,47,7
V64,124,7
V65,0,7
V66,165,7
V67,334,7
V68,0,7
V69,149,7
V70,307,7
V71,12,7
V72,47,7
V73,41,7
V74,117,7
V75,324,7
V76,373,7
V77,213,7
V78,385,7
V79,122,7
V80,36,7
V81,171,7
V82,399,7
V83,591,7
V84,8,7
V85,79,7
V86,232,7
V87,664,7
V88,0,7
V89,0,7
V90,237,7
V91,230,7
V92,13,7
V93,25,7
V94,62,7
V95,14,7
V96,74,7
V97,25,7
V98,5,7
V99,140,7
V100,11,7
V101,8,7
V102,66,7
V103,13,7
V104,5,7
V105,58,7
V106,18,7
V107,0,7
V108,22,7
V109,77,7
V110,4,7
V111,20,7
V112,31,7
V113,0,7
V114,4,7
V115,66,7
V116,8,7
V117,0,7
V118,0,7
V119,0,7
V120,0,7
V121,2,7
V122,0,7
V123,39,7
V124,72,7
V125,35,7
V126,77,7
V127,283,7
V128,125,7
V129,115,7
V130,319,7
V131,219,7
V132,53,7
V133,198,7
V134,52,7
V135,85,7
V136,241,7
V137,94,7
V138,2,7
V139,161,7
V140,55,7
V141,3,7
V142,2,7
V143,222,7
V144,17,7
V145,70,7
V146,61,7
V147,66,7
V148,23,7
V149,328,7
V150,44,7
V151,25,7
V152,136,7
V153,23,7
V154,56,7
V155,11,7
V156,254,7
V157,10,7
V158,18,7
V159,40,7
V160,108,7
V161,37,7
V162,71,7
V163,18,7
V164,102,7
V165,308,7
V166,75,7
V167,25,7
V168,28,7
V169,168,7
V170,67,7
V171,63,7
V172,54,7
V173,20,7
V174,24,7
V175,13,7
V176,42,7
V177,18,7
V178,60,7
V179,13,7
V180,48,7
V181,12,7
V182,31,7
V183,22,7
V184,73,7
V185,13,7
V186,38,7
V187,285,7
V188,53,7
V189,171,7
V190,24,7
V191,8,7
V192,31,7
V193,26,7
V194,14,7
V195,14,7
V196,10,7
V197,57,7
V198,45,7
V199,65,7
V200,55,7
V201,96,7
V202,67,7
V203,146,7
V204,66,7
V205,105,7
V206,83,7
V207,200,7
V208,191,7
V209,190,7
V210,136,7
V211,41,7
V212,104,7
V213,62,7
V214,62,7
V215,141,7
V216,94,7
V217,75,7
V218,63,7
V219,73,7
V220,200,7
V221,116,7
V222,89,7
V223,111,7
V224,47,7
V225,39,7
V226,33,7
V227,16,7
V228,36,7
V229,66,7
V230,31,7
V231,33,7
V232,39,7
V233,28,7
V234,102,7
V235,10,7
V236,21,7
V237,25,7
V238,33,7
V239,51,7
V240,0,7
V241,0,7
V242,42,7
V243,207,7
V244,61,7
V245,127,7
V246,36,7
V247,33,7
V248,71,7
V249,49,7
V250,28,7
V251,119,7
V252,10,7
V253,57,7
V254,14,7
V255,35,7
V256,213,7
V257,145,7
V258,407,7
V259,155,7
V260,39,7
V261,258,7
V262,92,7
V263,72,7
V264,170,7
V265,112,7
V266,244,7
V267,169,7
V268,110,7
V269,0,7
V270,131,7
V271,162,7
V272,108,7
V273,57,7
V274,121,7
V275,57,7
V276,93,7
V277,214,7
V278,131,7
V279,160,7
V280,54,7
V281,337,7
V282,193,7
V283,330,7
V284,6,7
V285,261,7
V286,36,7
V287,28,7
V288,30,7
V289,76,7
V290,55,7
V291,156,7
V292,58,7
V293,139,7
V294,336,7
V295,43,7
V296,221,7
V297,7,7
V298,75,7
V299,9,7
V300,82,7
V301,59,7
V302,5,7
V303,43,7
V304,14,7
V305,0,7
V306,112,7
V307,698,7
V308,340,7
V309,110,7
V310,594,7
V311,197,7
V312,268,7
V313,544,7
V314,414,7
V315,504,7
V316,86,7
V317,343,7
V318,108,7
V319,47,7
V320,281,7
V321,66,7
V322,12,7
V323,127,7
V324,76,7
V325,0,7
V326,33,7
V327,14,7
V328,6,7
V329,16,7
V330,8,7
V331,14,7
V332,76,7
V333,54,7
V334,15,7
V335,41,7
V336,38,7
V337,10,7
V338,66,7
V339,34,7
is_december,498,7
is_holiday,23,7
card1_fq_enc,1246,7
card2_fq_enc,1593,7
card3_fq_enc,79,7
card5_fq_enc,143,7
uid_fq_enc,912,7
uid2_fq_enc,979,7
uid3_fq_enc,1174,7
uid4_fq_enc,1636,7
uid5_fq_enc,1232,7
card3_DT_D_hour_dist,1895,7
card3_DT_W_week_day_dist,1529,7
card3_DT_M_month_day_dist,1464,7
card3_DT_D_hour_dist_best,1670,7
card3_DT_W_week_day_dist_best,707,7
card3_DT_M_month_day_dist_best,1710,7
card5_DT_D_hour_dist,1657,7
card5_DT_W_week_day_dist,1503,7
card5_DT_M_month_day_dist,1459,7
card5_DT_D_hour_dist_best,1404,7
card5_DT_W_week_day_dist_best,762,7
card5_DT_M_month_day_dist_best,1967,7
bank_type_DT_D_hour_dist,1517,7
bank_type_DT_W_week_day_dist,1475,7
bank_type_DT_M_month_day_dist,1351,7
bank_type_DT_D_hour_dist_best,1112,7
bank_type_DT_W_week_day_dist_best,632,7
bank_type_DT_M_month_day_dist_best,1516,7
bank_type_DT_M,1279,7
bank_type_DT_W,1350,7
bank_type_DT_D,1688,7
uid_D1_mean,722,7
uid_D1_std,701,7
uid2_D1_mean,554,7
uid2_D1_std,567,7
uid3_D1_mean,973,7
uid3_D1_std,1043,7
uid4_D1_mean,1305,7
uid4_D1_std,1847,7
uid5_D1_mean,1011,7
uid5_D1_std,1287,7
bank_type_D1_mean,131,7
bank_type_D1_std,113,7
uid_D2_mean,1114,7
uid_D2_std,1221,7
uid2_D2_mean,1045,7
uid2_D2_std,1255,7
uid3_D2_mean,1729,7
uid3_D2_std,1690,7
uid4_D2_mean,2572,7
uid4_D2_std,3021,7
uid5_D2_mean,2079,7
uid5_D2_std,2075,7
bank_type_D2_mean,155,7
bank_type_D2_std,349,7
uid_D3_mean,1174,7
uid_D3_std,1234,7
uid2_D3_mean,1250,7
uid2_D3_std,995,7
uid3_D3_mean,1891,7
uid3_D3_std,1864,7
uid4_D3_mean,2868,7
uid4_D3_std,2612,7
uid5_D3_mean,2066,7
uid5_D3_std,2146,7
bank_type_D3_mean,408,7
bank_type_D3_std,310,7
uid_D4_mean,751,7
uid_D4_std,893,7
uid2_D4_mean,611,7
uid2_D4_std,729,7
uid3_D4_mean,1265,7
uid3_D4_std,1364,7
uid4_D4_mean,2264,7
uid4_D4_std,2074,7
uid5_D4_mean,1591,7
uid5_D4_std,1628,7
bank_type_D4_mean,156,7
bank_type_D4_std,130,7
uid_D5_mean,1421,7
uid_D5_std,1481,7
uid2_D5_mean,1544,7
uid2_D5_std,1255,7
uid3_D5_mean,1968,7
uid3_D5_std,2140,7
uid4_D5_mean,2865,7
uid4_D5_std,2492,7
uid5_D5_mean,2221,7
uid5_D5_std,2052,7
bank_type_D5_mean,181,7
bank_type_D5_std,304,7
uid_D6_mean,1486,7
uid_D6_std,1248,7
uid2_D6_mean,1341,7
uid2_D6_std,1030,7
uid3_D6_mean,1812,7
uid3_D6_std,1465,7
uid4_D6_mean,1126,7
uid4_D6_std,1114,7
uid5_D6_mean,369,7
uid5_D6_std,282,7
bank_type_D6_mean,279,7
bank_type_D6_std,242,7
uid_D7_mean,1466,7
uid_D7_std,1746,7
uid2_D7_mean,1319,7
uid2_D7_std,1404,7
uid3_D7_mean,1910,7
uid3_D7_std,1685,7
uid4_D7_mean,1409,7
uid4_D7_std,1117,7
uid5_D7_mean,462,7
uid5_D7_std,346,7
bank_type_D7_mean,253,7
bank_type_D7_std,237,7
uid_D8_mean,1839,7
uid_D8_std,1040,7
uid2_D8_mean,1606,7
uid2_D8_std,826,7
uid3_D8_mean,2688,7
uid3_D8_std,1334,7
uid4_D8_mean,2500,7
uid4_D8_std,1316,7
uid5_D8_mean,2509,7
uid5_D8_std,1628,7
bank_type_D8_mean,302,7
bank_type_D8_std,81,7
uid_D9_mean,1786,7
uid_D9_std,1963,7
uid2_D9_mean,1682,7
uid2_D9_std,1686,7
uid3_D9_mean,2567,7
uid3_D9_std,2394,7
uid4_D9_mean,3049,7
uid4_D9_std,1835,7
uid5_D9_mean,2195,7
uid5_D9_std,2088,7
bank_type_D9_mean,262,7
bank_type_D9_std,242,7
uid_D10_mean,798,7
uid_D10_std,881,7
uid2_D10_mean,660,7
uid2_D10_std,777,7
uid3_D10_mean,1010,7
uid3_D10_std,1129,7
uid4_D10_mean,1531,7
uid4_D10_std,1677,7
uid5_D10_mean,1281,7
uid5_D10_std,1276,7
bank_type_D10_mean,117,7
bank_type_D10_std,153,7
uid_D11_mean,1028,7
uid_D11_std,1123,7
uid2_D11_mean,886,7
uid2_D11_std,1056,7
uid3_D11_mean,1328,7
uid3_D11_std,1328,7
uid4_D11_mean,2246,7
uid4_D11_std,2270,7
uid5_D11_mean,1286,7
uid5_D11_std,1170,7
bank_type_D11_mean,166,7
bank_type_D11_std,186,7
uid_D12_mean,1133,7
uid_D12_std,1141,7
uid2_D12_mean,918,7
uid2_D12_std,899,7
uid3_D12_mean,261,7
uid3_D12_std,272,7
uid4_D12_mean,254,7
uid4_D12_std,275,7
uid5_D12_mean,151,7
uid5_D12_std,145,7
bank_type_D12_mean,397,7
bank_type_D12_std,467,7
uid_D13_mean,1120,7
uid_D13_std,1330,7
uid2_D13_mean,1129,7
uid2_D13_std,1068,7
uid3_D13_mean,1080,7
uid3_D13_std,1176,7
uid4_D13_mean,831,7
uid4_D13_std,741,7
uid5_D13_mean,627,7
uid5_D13_std,704,7
bank_type_D13_mean,363,7
bank_type_D13_std,363,7
uid_D14_mean,1285,7
uid_D14_std,1397,7
uid2_D14_mean,1152,7
uid2_D14_std,1373,7
uid3_D14_mean,1623,7
uid3_D14_std,1703,7
uid4_D14_mean,1114,7
uid4_D14_std,1180,7
uid5_D14_mean,1130,7
uid5_D14_std,1012,7
bank_type_D14_mean,266,7
bank_type_D14_std,312,7
uid_D15_mean,721,7
uid_D15_std,685,7
uid2_D15_mean,673,7
uid2_D15_std,730,7
uid3_D15_mean,1118,7
uid3_D15_std,1084,7
uid4_D15_mean,1731,7
uid4_D15_std,1876,7
uid5_D15_mean,1245,7
uid5_D15_std,1236,7
bank_type_D15_mean,85,7
bank_type_D15_std,86,7
D9_not_na,0,7
D8_not_same_day,1,7
D8_D9_decimal_dist,433,7
D3_DT_D_min_max,575,7
D3_DT_D_std_score,668,7
D4_DT_D_min_max,698,7
D4_DT_D_std_score,2547,7
D5_DT_D_min_max,332,7
D5_DT_D_std_score,596,7
D6_DT_D_min_max,153,7
D6_DT_D_std_score,925,7
D7_DT_D_min_max,53,7
D7_DT_D_std_score,332,7
D8_DT_D_min_max,614,7
D8_DT_D_std_score,2698,7
D10_DT_D_min_max,612,7
D10_DT_D_std_score,2577,7
D11_DT_D_min_max,400,7
D11_DT_D_std_score,1356,7
D12_DT_D_min_max,125,7
D12_DT_D_std_score,904,7
D13_DT_D_min_max,154,7
D13_DT_D_std_score,1273,7
D14_DT_D_min_max,244,7
D14_DT_D_std_score,1154,7
D15_DT_D_min_max,954,7
D15_DT_D_std_score,2627,7
D3_DT_W_min_max,511,7
D3_DT_W_std_score,554,7
D4_DT_W_min_max,525,7
D4_DT_W_std_score,1703,7
D5_DT_W_min_max,290,7
D5_DT_W_std_score,443,7
D6_DT_W_min_max,82,7
D6_DT_W_std_score,679,7
D7_DT_W_min_max,74,7
D7_DT_W_std_score,160,7
D8_DT_W_min_max,449,7
D8_DT_W_std_score,1845,7
D10_DT_W_min_max,611,7
D10_DT_W_std_score,2035,7
D11_DT_W_min_max,278,7
D11_DT_W_std_score,1023,7
D12_DT_W_min_max,92,7
D12_DT_W_std_score,563,7
D13_DT_W_min_max,173,7
D13_DT_W_std_score,1043,7
D14_DT_W_min_max,198,7
D14_DT_W_std_score,898,7
D15_DT_W_min_max,867,7
D15_DT_W_std_score,2067,7
D3_DT_M_min_max,426,7
D3_DT_M_std_score,488,7
D4_DT_M_min_max,382,7
D4_DT_M_std_score,1046,7
D5_DT_M_min_max,197,7
D5_DT_M_std_score,328,7
D6_DT_M_min_max,69,7
D6_DT_M_std_score,326,7
D7_DT_M_min_max,55,7
D7_DT_M_std_score,95,7
D8_DT_M_min_max,412,7
D8_DT_M_std_score,1067,7
D10_DT_M_min_max,454,7
D10_DT_M_std_score,1234,7
D11_DT_M_min_max,235,7
D11_DT_M_std_score,730,7
D12_DT_M_min_max,46,7
D12_DT_M_std_score,309,7
D13_DT_M_min_max,63,7
D13_DT_M_std_score,397,7
D14_DT_M_min_max,135,7
D14_DT_M_std_score,468,7
D15_DT_M_min_max,708,7
D15_DT_M_std_score,1652,7
D1_scaled,1541,7
D2_scaled,2152,7
TransactionAmt_check,65,7
card1_TransactionAmt_mean,1396,7
card1_TransactionAmt_std,1541,7
card2_TransactionAmt_mean,1849,7
card2_TransactionAmt_std,1690,7
card3_TransactionAmt_mean,80,7
card3_TransactionAmt_std,29,7
card5_TransactionAmt_mean,398,7
card5_TransactionAmt_std,308,7
uid_TransactionAmt_mean,705,7
uid_TransactionAmt_std,865,7
uid2_TransactionAmt_mean,882,7
uid2_TransactionAmt_std,831,7
uid3_TransactionAmt_mean,1922,7
uid3_TransactionAmt_std,1898,7
uid4_TransactionAmt_mean,2246,7
uid4_TransactionAmt_std,2940,7
uid5_TransactionAmt_mean,1741,7
uid5_TransactionAmt_std,2062,7
bank_type_TransactionAmt_mean,104,7
bank_type_TransactionAmt_std,98,7
TransactionAmt_DT_D_min_max,2215,7
TransactionAmt_DT_D_std_score,2144,7
TransactionAmt_DT_W_min_max,1986,7
TransactionAmt_DT_W_std_score,2085,7
TransactionAmt_DT_M_min_max,1455,7
TransactionAmt_DT_M_std_score,1731,7
product_type,2046,7
product_type_DT_D,3319,7
product_type_DT_W,2744,7
product_type_DT_M,2333,7
C1_fq_enc,1706,7
C2_fq_enc,691,7
C3_fq_enc,90,7
C4_fq_enc,108,7
C5_fq_enc,271,7
C6_fq_enc,892,7
C7_fq_enc,45,7
C8_fq_enc,232,7
C9_fq_enc,623,7
C10_fq_enc,198,7
C11_fq_enc,924,7
C12_fq_enc,180,7
C13_fq_enc,1484,7
C14_fq_enc,919,7
id_01,924,7
id_02,2414,7
id_03,408,7
id_04,190,7
id_05,1162,7
id_06,866,7
id_07,176,7
id_08,78,7
id_09,446,7
id_10,51,7
id_11,106,7
id_12,6,7
id_13,708,7
id_14,417,7
id_15,136,7
id_16,42,7
id_17,224,7
id_18,386,7
id_19,1239,7
id_20,2249,7
id_21,103,7
id_22,1,7
id_23,39,7
id_24,24,7
id_25,73,7
id_26,25,7
id_27,0,7
id_28,19,7
id_29,2,7
id_30,330,7
id_31,1477,7
id_32,183,7
id_33,403,7
id_34,56,7
id_35,2,7
id_36,76,7
id_37,70,7
id_38,146,7
DeviceType,265,7
DeviceInfo,1045,7
id_33_0,263,7
id_33_1,588,7
DeviceInfo_device,1058,7
DeviceInfo_version,751,7
id_30_device,73,7
id_30_version,319,7
id_31_device,676,7
TransactionAmt,1741,8
ProductCD,503,8
card1,3249,8
card2,2317,8
card3,56,8
card4,282,8
card5,417,8
card6,396,8
addr1,2695,8
addr2,32,8
dist1,2194,8
dist2,834,8
P_emaildomain,3385,8
R_emaildomain,1208,8
C1,1858,8
C2,1154,8
C3,190,8
C4,175,8
C5,445,8
C6,1101,8
C7,102,8
C8,492,8
C9,822,8
C10,402,8
C11,1243,8
C12,506,8
C13,2879,8
C14,1393,8
D1,777,8
D2,936,8
D3,229,8
D4,481,8
D5,204,8
D6,142,8
D7,30,8
D8,457,8
D9,583,8
D10,422,8
D11,307,8
D12,97,8
D13,34,8
D14,153,8
D15,723,8
M1,6,8
M2,278,8
M3,558,8
M4,1207,8
M5,1278,8
M6,1187,8
M7,306,8
M8,253,8
M9,317,8
V1,2,8
V2,26,8
V3,42,8
V4,91,8
V5,199,8
V6,81,8
V7,54,8
V8,33,8
V9,13,8
V10,114,8
V11,70,8
V12,198,8
V13,255,8
V14,0,8
V15,4,8
V16,9,8
V17,13,8
V18,14,8
V19,158,8
V20,278,8
V21,6,8
V22,5,8
V23,81,8
V24,145,8
V25,67,8
V26,52,8
V27,0,8
V28,0,8
V29,194,8
V30,135,8
V31,3,8
V32,11,8
V33,50,8
V34,40,8
V35,191,8
V36,180,8
V37,169,8
V38,256,8
V39,70,8
V40,84,8
V41,0,8
V42,78,8
V43,85,8
V44,256,8
V45,603,8
V46,25,8
V47,127,8
V48,264,8
V49,211,8
V50,2,8
V51,50,8
V52,89,8
V53,301,8
V54,416,8
V55,241,8
V56,259,8
V57,31,8
V58,105,8
V59,41,8
V60,70,8
V61,303,8
V62,536,8
V63,47,8
V64,114,8
V65,0,8
V66,178,8
V67,330,8
V68,0,8
V69,182,8
V70,305,8
V71,8,8
V72,54,8
V73,41,8
V74,140,8
V75,272,8
V76,350,8
V77,210,8
V78,336,8
V79,100,8
V80,34,8
V81,140,8
V82,427,8
V83,499,8
V84,12,8
V85,83,8
V86,277,8
V87,733,8
V88,0,8
V89,0,8
V90,223,8
V91,252,8
V92,14,8
V93,25,8
V94,112,8
V95,11,8
V96,71,8
V97,23,8
V98,7,8
V99,179,8
V100,15,8
V101,9,8
V102,66,8
V103,13,8
V104,2,8
V105,35,8
V106,8,8
V107,0,8
V108,34,8
V109,51,8
V110,9,8
V111,13,8
V112,29,8
V113,2,8
V114,9,8
V115,51,8
V116,10,8
V117,0,8
V118,2,8
V119,0,8
V120,0,8
V121,0,8
V122,1,8
V123,33,8
V124,84,8
V125,19,8
V126,95,8
V127,285,8
V128,168,8
V129,159,8
V130,290,8
V131,251,8
V132,51,8
V133,158,8
V134,64,8
V135,57,8
V136,198,8
V137,87,8
V138,2,8
V139,166,8
V140,71,8
V141,12,8
V142,5,8
V143,254,8
V144,21,8
V145,67,8
V146,53,8
V147,52,8
V148,19,8
V149,213,8
V150,61,8
V151,31,8
V152,209,8
V153,13,8
V154,69,8
V155,24,8
V156,286,8
V157,7,8
V158,17,8
V159,46,8
V160,95,8
V161,39,8
V162,70,8
V163,30,8
V164,107,8
V165,301,8
V166,59,8
V167,33,8
V168,22,8
V169,189,8
V170,85,8
V171,64,8
V172,58,8
V173,24,8
V174,18,8
V175,12,8
V176,34,8
V177,13,8
V178,42,8
V179,22,8
V180,32,8
V181,14,8
V182,31,8
V183,17,8
V184,57,8
V185,20,8
V186,23,8
V187,282,8
V188,70,8
V189,177,8
V190,19,8
V191,10,8
V192,37,8
V193,25,8
V194,26,8
V195,10,8
V196,6,8
V197,84,8
V198,53,8
V199,65,8
V200,106,8
V201,99,8
V202,70,8
V203,142,8
V204,71,8
V205,114,8
V206,138,8
V207,177,8
V208,146,8
V209,174,8
V210,104,8
V211,25,8
V212,92,8
V213,55,8
V214,47,8
V215,150,8
V216,95,8
V217,100,8
V218,64,8
V219,74,8
V220,201,8
V221,107,8
V222,72,8
V223,66,8
V224,44,8
V225,36,8
V226,20,8
V227,23,8
V228,35,8
V229,56,8
V230,47,8
V231,44,8
V232,49,8
V233,31,8
V234,83,8
V235,19,8
V236,20,8
V237,26,8
V238,38,8
V239,49,8
V240,0,8
V241,0,8
V242,42,8
V243,184,8
V244,54,8
V245,131,8
V246,33,8
V247,33,8
V248,72,8
V249,49,8
V250,41,8
V251,107,8
V252,8,8
V253,50,8
V254,27,8
V255,29,8
V256,204,8
V257,151,8
V258,361,8
V259,154,8
V260,62,8
V261,236,8
V262,74,8
V263,80,8
V264,151,8
V265,123,8
V266,221,8
V267,177,8
V268,118,8
V269,2,8
V270,123,8
V271,172,8
V272,69,8
V273,63,8
V274,139,8
V275,44,8
V276,90,8
V277,181,8
V278,152,8
V279,103,8
V280,56,8
V281,338,8
V282,173,8
V283,419,8
V284,13,8
V285,250,8
V286,40,8
V287,26,8
V288,36,8
V289,72,8
V290,55,8
V291,156,8
V292,92,8
V293,132,8
V294,305,8
V295,54,8
V296,179,8
V297,6,8
V298,55,8
V299,12,8
V300,64,8
V301,54,8
V302,4,8
V303,39,8
V304,10,8
V305,0,8
V306,75,8
V307,686,8
V308,338,8
V309,173,8
V310,655,8
V311,207,8
V312,261,8
V313,623,8
V314,371,8
V315,441,8
V316,100,8
V317,351,8
V318,89,8
V319,43,8
V320,302,8
V321,66,8
V322,16,8
V323,118,8
V324,71,8
V325,3,8
V326,44,8
V327,11,8
V328,3,8
V329,30,8
V330,12,8
V331,22,8
V332,76,8
V333,57,8
V334,19,8
V335,53,8
V336,37,8
V337,26,8
V338,69,8
V339,52,8
is_december,552,8
is_holiday,30,8
card1_fq_enc,1203,8
card2_fq_enc,1709,8
card3_fq_enc,75,8
card5_fq_enc,134,8
uid_fq_enc,942,8
uid2_fq_enc,987,8
uid3_fq_enc,1120,8
uid4_fq_enc,1617,8
uid5_fq_enc,1284,8
card3_DT_D_hour_dist,1977,8
card3_DT_W_week_day_dist,1562,8
card3_DT_M_month_day_dist,1457,8
card3_DT_D_hour_dist_best,1578,8
card3_DT_W_week_day_dist_best,701,8
card3_DT_M_month_day_dist_best,1945,8
card5_DT_D_hour_dist,1687,8
card5_DT_W_week_day_dist,1437,8
card5_DT_M_month_day_dist,1485,8
card5_DT_D_hour_dist_best,1327,8
card5_DT_W_week_day_dist_best,802,8
card5_DT_M_month_day_dist_best,2006,8
bank_type_DT_D_hour_dist,1457,8
bank_type_DT_W_week_day_dist,1370,8
bank_type_DT_M_month_day_dist,1357,8
bank_type_DT_D_hour_dist_best,1122,8
bank_type_DT_W_week_day_dist_best,555,8
bank_type_DT_M_month_day_dist_best,1482,8
bank_type_DT_M,1230,8
bank_type_DT_W,1406,8
bank_type_DT_D,1574,8
uid_D1_mean,602,8
uid_D1_std,684,8
uid2_D1_mean,571,8
uid2_D1_std,687,8
uid3_D1_mean,965,8
uid3_D1_std,1109,8
uid4_D1_mean,1327,8
uid4_D1_std,1787,8
uid5_D1_mean,1021,8
uid5_D1_std,1282,8
bank_type_D1_mean,117,8
bank_type_D1_std,101,8
uid_D2_mean,1100,8
uid_D2_std,1207,8
uid2_D2_mean,927,8
uid2_D2_std,1157,8
uid3_D2_mean,1637,8
uid3_D2_std,1724,8
uid4_D2_mean,2723,8
uid4_D2_std,3066,8
uid5_D2_mean,1892,8
uid5_D2_std,1939,8
bank_type_D2_mean,195,8
bank_type_D2_std,284,8
uid_D3_mean,1223,8
uid_D3_std,1173,8
uid2_D3_mean,1242,8
uid2_D3_std,1043,8
uid3_D3_mean,1981,8
uid3_D3_std,1731,8
uid4_D3_mean,2946,8
uid4_D3_std,2541,8
uid5_D3_mean,2081,8
uid5_D3_std,2149,8
bank_type_D3_mean,374,8
bank_type_D3_std,318,8
uid_D4_mean,790,8
uid_D4_std,928,8
uid2_D4_mean,649,8
uid2_D4_std,777,8
uid3_D4_mean,1296,8
uid3_D4_std,1438,8
uid4_D4_mean,2288,8
uid4_D4_std,2028,8
uid5_D4_mean,1538,8
uid5_D4_std,1568,8
bank_type_D4_mean,137,8
bank_type_D4_std,96,8
uid_D5_mean,1413,8
uid_D5_std,1456,8
uid2_D5_mean,1356,8
uid2_D5_std,1255,8
uid3_D5_mean,2001,8
uid3_D5_std,2077,8
uid4_D5_mean,2686,8
uid4_D5_std,2433,8
uid5_D5_mean,2238,8
uid5_D5_std,2160,8
bank_type_D5_mean,224,8
bank_type_D5_std,309,8
uid_D6_mean,1611,8
uid_D6_std,1332,8
uid2_D6_mean,1394,8
uid2_D6_std,1127,8
uid3_D6_mean,1893,8
uid3_D6_std,1476,8
uid4_D6_mean,1089,8
uid4_D6_std,1142,8
uid5_D6_mean,301,8
uid5_D6_std,315,8
bank_type_D6_mean,299,8
bank_type_D6_std,209,8
uid_D7_mean,1609,8
uid_D7_std,1913,8
uid2_D7_mean,1344,8
uid2_D7_std,1406,8
uid3_D7_mean,1837,8
uid3_D7_std,1613,8
uid4_D7_mean,1223,8
uid4_D7_std,1131,8
uid5_D7_mean,444,8
uid5_D7_std,330,8
bank_type_D7_mean,270,8
bank_type_D7_std,233,8
uid_D8_mean,1857,8
uid_D8_std,1045,8
uid2_D8_mean,1571,8
uid2_D8_std,859,8
uid3_D8_mean,2674,8
uid3_D8_std,1333,8
uid4_D8_mean,2469,8
uid4_D8_std,1450,8
uid5_D8_mean,2558,8
uid5_D8_std,1614,8
bank_type_D8_mean,318,8
bank_type_D8_std,80,8
uid_D9_mean,1775,8
uid_D9_std,1915,8
uid2_D9_mean,1738,8
uid2_D9_std,1584,8
uid3_D9_mean,2614,8
uid3_D9_std,2408,8
uid4_D9_mean,3035,8
uid4_D9_std,1964,8
uid5_D9_mean,2446,8
uid5_D9_std,2193,8
bank_type_D9_mean,201,8
bank_type_D9_std,217,8
uid_D10_mean,790,8
uid_D10_std,870,8
uid2_D10_mean,740,8
uid2_D10_std,812,8
uid3_D10_mean,1090,8
uid3_D10_std,1105,8
uid4_D10_mean,1478,8
uid4_D10_std,1605,8
uid5_D10_mean,1235,8
uid5_D10_std,1204,8
bank_type_D10_mean,149,8
bank_type_D10_std,162,8
uid_D11_mean,976,8
uid_D11_std,1108,8
uid2_D11_mean,937,8
uid2_D11_std,1019,8
uid3_D11_mean,1314,8
uid3_D11_std,1325,8
uid4_D11_mean,2349,8
uid4_D11_std,2291,8
uid5_D11_mean,1241,8
uid5_D11_std,1179,8
bank_type_D11_mean,166,8
bank_type_D11_std,203,8
uid_D12_mean,1174,8
uid_D12_std,1063,8
uid2_D12_mean,1019,8
uid2_D12_std,1005,8
uid3_D12_mean,285,8
uid3_D12_std,253,8
uid4_D12_mean,310,8
uid4_D12_std,267,8
uid5_D12_mean,151,8
uid5_D12_std,136,8
bank_type_D12_mean,419,8
bank_type_D12_std,449,8
uid_D13_mean,1117,8
uid_D13_std,1226,8
uid2_D13_mean,1076,8
uid2_D13_std,1146,8
uid3_D13_mean,1139,8
uid3_D13_std,1212,8
uid4_D13_mean,736,8
uid4_D13_std,800,8
uid5_D13_mean,663,8
uid5_D13_std,684,8
bank_type_D13_mean,358,8
bank_type_D13_std,341,8
uid_D14_mean,1291,8
uid_D14_std,1446,8
uid2_D14_mean,1129,8
uid2_D14_std,1302,8
uid3_D14_mean,1595,8
uid3_D14_std,1686,8
uid4_D14_mean,1161,8
uid4_D14_std,1277,8
uid5_D14_mean,1081,8
uid5_D14_std,1038,8
bank_type_D14_mean,264,8
bank_type_D14_std,260,8
uid_D15_mean,652,8
uid_D15_std,707,8
uid2_D15_mean,612,8
uid2_D15_std,741,8
uid3_D15_mean,1112,8
uid3_D15_std,1112,8
uid4_D15_mean,1724,8
uid4_D15_std,1835,8
uid5_D15_mean,1240,8
uid5_D15_std,1165,8
bank_type_D15_mean,91,8
bank_type_D15_std,114,8
D9_not_na,0,8
D8_not_same_day,3,8
D8_D9_decimal_dist,454,8
D3_DT_D_min_max,567,8
D3_DT_D_std_score,723,8
D4_DT_D_min_max,747,8
D4_DT_D_std_score,2364,8
D5_DT_D_min_max,340,8
D5_DT_D_std_score,635,8
D6_DT_D_min_max,145,8
D6_DT_D_std_score,893,8
D7_DT_D_min_max,75,8
D7_DT_D_std_score,374,8
D8_DT_D_min_max,625,8
D8_DT_D_std_score,2677,8
D10_DT_D_min_max,588,8
D10_DT_D_std_score,2759,8
D11_DT_D_min_max,411,8
D11_DT_D_std_score,1293,8
D12_DT_D_min_max,119,8
D12_DT_D_std_score,835,8
D13_DT_D_min_max,152,8
D13_DT_D_std_score,1194,8
D14_DT_D_min_max,249,8
D14_DT_D_std_score,1101,8
D15_DT_D_min_max,900,8
D15_DT_D_std_score,2556,8
D3_DT_W_min_max,504,8
D3_DT_W_std_score,661,8
D4_DT_W_min_max,505,8
D4_DT_W_std_score,1765,8
D5_DT_W_min_max,280,8
D5_DT_W_std_score,460,8
D6_DT_W_min_max,89,8
D6_DT_W_std_score,666,8
D7_DT_W_min_max,54,8
D7_DT_W_std_score,177,8
D8_DT_W_min_max,476,8
D8_DT_W_std_score,1821,8
D10_DT_W_min_max,616,8
D10_DT_W_std_score,1987,8
D11_DT_W_min_max,302,8
D11_DT_W_std_score,1010,8
D12_DT_W_min_max,108,8
D12_DT_W_std_score,591,8
D13_DT_W_min_max,155,8
D13_DT_W_std_score,1026,8
D14_DT_W_min_max,190,8
D14_DT_W_std_score,842,8
D15_DT_W_min_max,878,8
D15_DT_W_std_score,2172,8
D3_DT_M_min_max,450,8
D3_DT_M_std_score,583,8
D4_DT_M_min_max,442,8
D4_DT_M_std_score,946,8
D5_DT_M_min_max,208,8
D5_DT_M_std_score,357,8
D6_DT_M_min_max,65,8
D6_DT_M_std_score,361,8
D7_DT_M_min_max,36,8
D7_DT_M_std_score,122,8
D8_DT_M_min_max,390,8
D8_DT_M_std_score,1091,8
D10_DT_M_min_max,438,8
D10_DT_M_std_score,1203,8
D11_DT_M_min_max,278,8
D11_DT_M_std_score,734,8
D12_DT_M_min_max,53,8
D12_DT_M_std_score,269,8
D13_DT_M_min_max,78,8
D13_DT_M_std_score,450,8
D14_DT_M_min_max,134,8
D14_DT_M_std_score,463,8
D15_DT_M_min_max,690,8
D15_DT_M_std_score,1593,8
D1_scaled,1539,8
D2_scaled,2086,8
TransactionAmt_check,41,8
card1_TransactionAmt_mean,1473,8
card1_TransactionAmt_std,1591,8
card2_TransactionAmt_mean,1698,8
card2_TransactionAmt_std,1643,8
card3_TransactionAmt_mean,89,8
card3_TransactionAmt_std,25,8
card5_TransactionAmt_mean,388,8
card5_TransactionAmt_std,299,8
uid_TransactionAmt_mean,699,8
uid_TransactionAmt_std,788,8
uid2_TransactionAmt_mean,909,8
uid2_TransactionAmt_std,856,8
uid3_TransactionAmt_mean,1905,8
uid3_TransactionAmt_std,1999,8
uid4_TransactionAmt_mean,2196,8
uid4_TransactionAmt_std,2949,8
uid5_TransactionAmt_mean,1731,8
uid5_TransactionAmt_std,2102,8
bank_type_TransactionAmt_mean,125,8
bank_type_TransactionAmt_std,96,8
TransactionAmt_DT_D_min_max,2276,8
TransactionAmt_DT_D_std_score,2260,8
TransactionAmt_DT_W_min_max,1936,8
TransactionAmt_DT_W_std_score,2026,8
TransactionAmt_DT_M_min_max,1430,8
TransactionAmt_DT_M_std_score,1798,8
product_type,2039,8
product_type_DT_D,3317,8
product_type_DT_W,2606,8
product_type_DT_M,2314,8
C1_fq_enc,1574,8
C2_fq_enc,827,8
C3_fq_enc,107,8
C4_fq_enc,88,8
C5_fq_enc,265,8
C6_fq_enc,889,8
C7_fq_enc,49,8
C8_fq_enc,261,8
C9_fq_enc,567,8
C10_fq_enc,172,8
C11_fq_enc,931,8
C12_fq_enc,192,8
C13_fq_enc,1620,8
C14_fq_enc,897,8
id_01,888,8
id_02,2418,8
id_03,453,8
id_04,181,8
id_05,1119,8
id_06,886,8
id_07,193,8
id_08,67,8
id_09,327,8
id_10,69,8
id_11,150,8
id_12,9,8
id_13,729,8
id_14,419,8
id_15,169,8
id_16,43,8
id_17,186,8
id_18,379,8
id_19,1206,8
id_20,2123,8
id_21,73,8
id_22,1,8
id_23,40,8
id_24,12,8
id_25,58,8
id_26,25,8
id_27,0,8
id_28,36,8
id_29,7,8
id_30,290,8
id_31,1501,8
id_32,148,8
id_33,394,8
id_34,68,8
id_35,2,8
id_36,67,8
id_37,48,8
id_38,148,8
DeviceType,310,8
DeviceInfo,1162,8
id_33_0,296,8
id_33_1,494,8
DeviceInfo_device,962,8
DeviceInfo_version,788,8
id_30_device,95,8
id_30_version,287,8
id_31_device,669,8
